STATISTIC,Statistic Label,TLIST(A1),Year,C03935V04687,Mode of Transport,C01198V01436,Weeks of the year,VALUE
THA24C01,Passenger Journeys,2019,2019,10,Dublin Metro Bus,1,Week 01,1987891
THA24C01,Passenger Journeys,2019,2019,10,Dublin Metro Bus,2,Week 02,2709579
THA24C01,Passenger Journeys,2019,2019,10,Dublin Metro Bus,3,Week 03,2784678
THA24C01,Passenger Journeys,2019,2019,10,Dublin Metro Bus,4,Week 04,2858346
THA24C01,Passenger Journeys,2019,2019,10,Dublin Metro Bus,5,Week 05,2924821
THA24C01,Passenger Journeys,2019,2019,10,Dublin Metro Bus,6,Week 06,2979960
THA24C01,Passenger Journeys,2019,2019,10,Dublin Metro Bus,7,Week 07,3053710
THA24C01,Passenger Journeys,2019,2019,10,Dublin Metro Bus,8,Week 08,2927041
THA24C01,Passenger Journeys,2019,2019,10,Dublin Metro Bus,9,Week 09,2989171
THA24C01,Passenger Journeys,2019,2019,10,Dublin Metro Bus,10,Week 10,3065148
THA24C01,Passenger Journeys,2019,2019,10,Dublin Metro Bus,11,Week 11,2998440
THA24C01,Passenger Journeys,2019,2019,10,Dublin Metro Bus,12,Week 12,2742468
THA24C01,Passenger Journeys,2019,2019,10,Dublin Metro Bus,13,Week 13,3136873
THA24C01,Passenger Journeys,2019,2019,10,Dublin Metro Bus,14,Week 14,3087216
THA24C01,Passenger Journeys,2019,2019,10,Dublin Metro Bus,15,Week 15,3101074
THA24C01,Passenger Journeys,2019,2019,10,Dublin Metro Bus,16,Week 16,2723661
THA24C01,Passenger Journeys,2019,2019,10,Dublin Metro Bus,17,Week 17,2535513
THA24C01,Passenger Journeys,2019,2019,10,Dublin Metro Bus,18,Week 18,2990676
THA24C01,Passenger Journeys,2019,2019,10,Dublin Metro Bus,19,Week 19,2719955
THA24C01,Passenger Journeys,2019,2019,10,Dublin Metro Bus,20,Week 20,2960967
THA24C01,Passenger Journeys,2019,2019,10,Dublin Metro Bus,21,Week 21,2938021
THA24C01,Passenger Journeys,2019,2019,10,Dublin Metro Bus,22,Week 22,2900323
THA24C01,Passenger Journeys,2019,2019,10,Dublin Metro Bus,23,Week 23,2591616
THA24C01,Passenger Journeys,2019,2019,10,Dublin Metro Bus,24,Week 24,2844409
THA24C01,Passenger Journeys,2019,2019,10,Dublin Metro Bus,25,Week 25,2826773
THA24C01,Passenger Journeys,2019,2019,10,Dublin Metro Bus,26,Week 26,2840156
THA24C01,Passenger Journeys,2019,2019,10,Dublin Metro Bus,27,Week 27,2953254
THA24C01,Passenger Journeys,2019,2019,10,Dublin Metro Bus,28,Week 28,2954091
THA24C01,Passenger Journeys,2019,2019,10,Dublin Metro Bus,29,Week 29,2895372
THA24C01,Passenger Journeys,2019,2019,10,Dublin Metro Bus,30,Week 30,2939485
THA24C01,Passenger Journeys,2019,2019,10,Dublin Metro Bus,31,Week 31,2725260
THA24C01,Passenger Journeys,2019,2019,10,Dublin Metro Bus,32,Week 32,2547806
THA24C01,Passenger Journeys,2019,2019,10,Dublin Metro Bus,33,Week 33,2724875
THA24C01,Passenger Journeys,2019,2019,10,Dublin Metro Bus,34,Week 34,2793023
THA24C01,Passenger Journeys,2019,2019,10,Dublin Metro Bus,35,Week 35,2872215
THA24C01,Passenger Journeys,2019,2019,10,Dublin Metro Bus,36,Week 36,2999569
THA24C01,Passenger Journeys,2019,2019,10,Dublin Metro Bus,37,Week 37,3109763
THA24C01,Passenger Journeys,2019,2019,10,Dublin Metro Bus,38,Week 38,3182473
THA24C01,Passenger Journeys,2019,2019,10,Dublin Metro Bus,39,Week 39,3204042
THA24C01,Passenger Journeys,2019,2019,10,Dublin Metro Bus,40,Week 40,3139165
THA24C01,Passenger Journeys,2019,2019,10,Dublin Metro Bus,41,Week 41,3243670
THA24C01,Passenger Journeys,2019,2019,10,Dublin Metro Bus,42,Week 42,3238993
THA24C01,Passenger Journeys,2019,2019,10,Dublin Metro Bus,43,Week 43,3170924
THA24C01,Passenger Journeys,2019,2019,10,Dublin Metro Bus,44,Week 44,2708101
THA24C01,Passenger Journeys,2019,2019,10,Dublin Metro Bus,45,Week 45,3130443
THA24C01,Passenger Journeys,2019,2019,10,Dublin Metro Bus,46,Week 46,3206894
THA24C01,Passenger Journeys,2019,2019,10,Dublin Metro Bus,47,Week 47,3192052
THA24C01,Passenger Journeys,2019,2019,10,Dublin Metro Bus,48,Week 48,3251721
THA24C01,Passenger Journeys,2019,2019,10,Dublin Metro Bus,49,Week 49,3215990
THA24C01,Passenger Journeys,2019,2019,10,Dublin Metro Bus,50,Week 50,3271738
THA24C01,Passenger Journeys,2019,2019,10,Dublin Metro Bus,51,Week 51,3166707
THA24C01,Passenger Journeys,2019,2019,10,Dublin Metro Bus,52,Week 52,1599369
THA24C01,Passenger Journeys,2019,2019,10,Dublin Metro Bus,53,Week 53,
THA24C01,Passenger Journeys,2019,2019,20,"Bus, excluding Dublin Metro",1,Week 01,497598
THA24C01,Passenger Journeys,2019,2019,20,"Bus, excluding Dublin Metro",2,Week 02,633764
THA24C01,Passenger Journeys,2019,2019,20,"Bus, excluding Dublin Metro",3,Week 03,678097
THA24C01,Passenger Journeys,2019,2019,20,"Bus, excluding Dublin Metro",4,Week 04,676140
THA24C01,Passenger Journeys,2019,2019,20,"Bus, excluding Dublin Metro",5,Week 05,672440
THA24C01,Passenger Journeys,2019,2019,20,"Bus, excluding Dublin Metro",6,Week 06,696573
THA24C01,Passenger Journeys,2019,2019,20,"Bus, excluding Dublin Metro",7,Week 07,736594
THA24C01,Passenger Journeys,2019,2019,20,"Bus, excluding Dublin Metro",8,Week 08,677931
THA24C01,Passenger Journeys,2019,2019,20,"Bus, excluding Dublin Metro",9,Week 09,706297
THA24C01,Passenger Journeys,2019,2019,20,"Bus, excluding Dublin Metro",10,Week 10,718505
THA24C01,Passenger Journeys,2019,2019,20,"Bus, excluding Dublin Metro",11,Week 11,731042
THA24C01,Passenger Journeys,2019,2019,20,"Bus, excluding Dublin Metro",12,Week 12,665202
THA24C01,Passenger Journeys,2019,2019,20,"Bus, excluding Dublin Metro",13,Week 13,749734
THA24C01,Passenger Journeys,2019,2019,20,"Bus, excluding Dublin Metro",14,Week 14,725196
THA24C01,Passenger Journeys,2019,2019,20,"Bus, excluding Dublin Metro",15,Week 15,717874
THA24C01,Passenger Journeys,2019,2019,20,"Bus, excluding Dublin Metro",16,Week 16,636735
THA24C01,Passenger Journeys,2019,2019,20,"Bus, excluding Dublin Metro",17,Week 17,601236
THA24C01,Passenger Journeys,2019,2019,20,"Bus, excluding Dublin Metro",18,Week 18,727961
THA24C01,Passenger Journeys,2019,2019,20,"Bus, excluding Dublin Metro",19,Week 19,650874
THA24C01,Passenger Journeys,2019,2019,20,"Bus, excluding Dublin Metro",20,Week 20,691221
THA24C01,Passenger Journeys,2019,2019,20,"Bus, excluding Dublin Metro",21,Week 21,701342
THA24C01,Passenger Journeys,2019,2019,20,"Bus, excluding Dublin Metro",22,Week 22,681399
THA24C01,Passenger Journeys,2019,2019,20,"Bus, excluding Dublin Metro",23,Week 23,617748
THA24C01,Passenger Journeys,2019,2019,20,"Bus, excluding Dublin Metro",24,Week 24,669882
THA24C01,Passenger Journeys,2019,2019,20,"Bus, excluding Dublin Metro",25,Week 25,680777
THA24C01,Passenger Journeys,2019,2019,20,"Bus, excluding Dublin Metro",26,Week 26,686867
THA24C01,Passenger Journeys,2019,2019,20,"Bus, excluding Dublin Metro",27,Week 27,705163
THA24C01,Passenger Journeys,2019,2019,20,"Bus, excluding Dublin Metro",28,Week 28,713037
THA24C01,Passenger Journeys,2019,2019,20,"Bus, excluding Dublin Metro",29,Week 29,701340
THA24C01,Passenger Journeys,2019,2019,20,"Bus, excluding Dublin Metro",30,Week 30,713657
THA24C01,Passenger Journeys,2019,2019,20,"Bus, excluding Dublin Metro",31,Week 31,680616
THA24C01,Passenger Journeys,2019,2019,20,"Bus, excluding Dublin Metro",32,Week 32,616761
THA24C01,Passenger Journeys,2019,2019,20,"Bus, excluding Dublin Metro",33,Week 33,697890
THA24C01,Passenger Journeys,2019,2019,20,"Bus, excluding Dublin Metro",34,Week 34,689702
THA24C01,Passenger Journeys,2019,2019,20,"Bus, excluding Dublin Metro",35,Week 35,695388
THA24C01,Passenger Journeys,2019,2019,20,"Bus, excluding Dublin Metro",36,Week 36,744038
THA24C01,Passenger Journeys,2019,2019,20,"Bus, excluding Dublin Metro",37,Week 37,820112
THA24C01,Passenger Journeys,2019,2019,20,"Bus, excluding Dublin Metro",38,Week 38,828356
THA24C01,Passenger Journeys,2019,2019,20,"Bus, excluding Dublin Metro",39,Week 39,814190
THA24C01,Passenger Journeys,2019,2019,20,"Bus, excluding Dublin Metro",40,Week 40,776594
THA24C01,Passenger Journeys,2019,2019,20,"Bus, excluding Dublin Metro",41,Week 41,824314
THA24C01,Passenger Journeys,2019,2019,20,"Bus, excluding Dublin Metro",42,Week 42,805498
THA24C01,Passenger Journeys,2019,2019,20,"Bus, excluding Dublin Metro",43,Week 43,824331
THA24C01,Passenger Journeys,2019,2019,20,"Bus, excluding Dublin Metro",44,Week 44,655906
THA24C01,Passenger Journeys,2019,2019,20,"Bus, excluding Dublin Metro",45,Week 45,775922
THA24C01,Passenger Journeys,2019,2019,20,"Bus, excluding Dublin Metro",46,Week 46,783830
THA24C01,Passenger Journeys,2019,2019,20,"Bus, excluding Dublin Metro",47,Week 47,772760
THA24C01,Passenger Journeys,2019,2019,20,"Bus, excluding Dublin Metro",48,Week 48,794233
THA24C01,Passenger Journeys,2019,2019,20,"Bus, excluding Dublin Metro",49,Week 49,773085
THA24C01,Passenger Journeys,2019,2019,20,"Bus, excluding Dublin Metro",50,Week 50,768340
THA24C01,Passenger Journeys,2019,2019,20,"Bus, excluding Dublin Metro",51,Week 51,900418
THA24C01,Passenger Journeys,2019,2019,20,"Bus, excluding Dublin Metro",52,Week 52,397160
THA24C01,Passenger Journeys,2019,2019,20,"Bus, excluding Dublin Metro",53,Week 53,
THA24C01,Passenger Journeys,2019,2019,30,Rail,1,Week 01,
THA24C01,Passenger Journeys,2019,2019,30,Rail,2,Week 02,
THA24C01,Passenger Journeys,2019,2019,30,Rail,3,Week 03,
THA24C01,Passenger Journeys,2019,2019,30,Rail,4,Week 04,
THA24C01,Passenger Journeys,2019,2019,30,Rail,5,Week 05,
THA24C01,Passenger Journeys,2019,2019,30,Rail,6,Week 06,
THA24C01,Passenger Journeys,2019,2019,30,Rail,7,Week 07,
THA24C01,Passenger Journeys,2019,2019,30,Rail,8,Week 08,
THA24C01,Passenger Journeys,2019,2019,30,Rail,9,Week 09,
THA24C01,Passenger Journeys,2019,2019,30,Rail,10,Week 10,
THA24C01,Passenger Journeys,2019,2019,30,Rail,11,Week 11,
THA24C01,Passenger Journeys,2019,2019,30,Rail,12,Week 12,
THA24C01,Passenger Journeys,2019,2019,30,Rail,13,Week 13,
THA24C01,Passenger Journeys,2019,2019,30,Rail,14,Week 14,
THA24C01,Passenger Journeys,2019,2019,30,Rail,15,Week 15,
THA24C01,Passenger Journeys,2019,2019,30,Rail,16,Week 16,
THA24C01,Passenger Journeys,2019,2019,30,Rail,17,Week 17,
THA24C01,Passenger Journeys,2019,2019,30,Rail,18,Week 18,
THA24C01,Passenger Journeys,2019,2019,30,Rail,19,Week 19,
THA24C01,Passenger Journeys,2019,2019,30,Rail,20,Week 20,
THA24C01,Passenger Journeys,2019,2019,30,Rail,21,Week 21,
THA24C01,Passenger Journeys,2019,2019,30,Rail,22,Week 22,
THA24C01,Passenger Journeys,2019,2019,30,Rail,23,Week 23,
THA24C01,Passenger Journeys,2019,2019,30,Rail,24,Week 24,
THA24C01,Passenger Journeys,2019,2019,30,Rail,25,Week 25,
THA24C01,Passenger Journeys,2019,2019,30,Rail,26,Week 26,
THA24C01,Passenger Journeys,2019,2019,30,Rail,27,Week 27,
THA24C01,Passenger Journeys,2019,2019,30,Rail,28,Week 28,
THA24C01,Passenger Journeys,2019,2019,30,Rail,29,Week 29,
THA24C01,Passenger Journeys,2019,2019,30,Rail,30,Week 30,
THA24C01,Passenger Journeys,2019,2019,30,Rail,31,Week 31,
THA24C01,Passenger Journeys,2019,2019,30,Rail,32,Week 32,
THA24C01,Passenger Journeys,2019,2019,30,Rail,33,Week 33,
THA24C01,Passenger Journeys,2019,2019,30,Rail,34,Week 34,
THA24C01,Passenger Journeys,2019,2019,30,Rail,35,Week 35,
THA24C01,Passenger Journeys,2019,2019,30,Rail,36,Week 36,
THA24C01,Passenger Journeys,2019,2019,30,Rail,37,Week 37,
THA24C01,Passenger Journeys,2019,2019,30,Rail,38,Week 38,
THA24C01,Passenger Journeys,2019,2019,30,Rail,39,Week 39,
THA24C01,Passenger Journeys,2019,2019,30,Rail,40,Week 40,
THA24C01,Passenger Journeys,2019,2019,30,Rail,41,Week 41,
THA24C01,Passenger Journeys,2019,2019,30,Rail,42,Week 42,
THA24C01,Passenger Journeys,2019,2019,30,Rail,43,Week 43,
THA24C01,Passenger Journeys,2019,2019,30,Rail,44,Week 44,
THA24C01,Passenger Journeys,2019,2019,30,Rail,45,Week 45,
THA24C01,Passenger Journeys,2019,2019,30,Rail,46,Week 46,
THA24C01,Passenger Journeys,2019,2019,30,Rail,47,Week 47,
THA24C01,Passenger Journeys,2019,2019,30,Rail,48,Week 48,
THA24C01,Passenger Journeys,2019,2019,30,Rail,49,Week 49,
THA24C01,Passenger Journeys,2019,2019,30,Rail,50,Week 50,
THA24C01,Passenger Journeys,2019,2019,30,Rail,51,Week 51,
THA24C01,Passenger Journeys,2019,2019,30,Rail,52,Week 52,
THA24C01,Passenger Journeys,2019,2019,30,Rail,53,Week 53,
THA24C01,Passenger Journeys,2019,2019,40,"All public transport, excluding LUAS",1,Week 01,2485489
THA24C01,Passenger Journeys,2019,2019,40,"All public transport, excluding LUAS",2,Week 02,3343343
THA24C01,Passenger Journeys,2019,2019,40,"All public transport, excluding LUAS",3,Week 03,3462775
THA24C01,Passenger Journeys,2019,2019,40,"All public transport, excluding LUAS",4,Week 04,3534486
THA24C01,Passenger Journeys,2019,2019,40,"All public transport, excluding LUAS",5,Week 05,3597261
THA24C01,Passenger Journeys,2019,2019,40,"All public transport, excluding LUAS",6,Week 06,3676533
THA24C01,Passenger Journeys,2019,2019,40,"All public transport, excluding LUAS",7,Week 07,3790304
THA24C01,Passenger Journeys,2019,2019,40,"All public transport, excluding LUAS",8,Week 08,3604972
THA24C01,Passenger Journeys,2019,2019,40,"All public transport, excluding LUAS",9,Week 09,3695468
THA24C01,Passenger Journeys,2019,2019,40,"All public transport, excluding LUAS",10,Week 10,3783653
THA24C01,Passenger Journeys,2019,2019,40,"All public transport, excluding LUAS",11,Week 11,3729482
THA24C01,Passenger Journeys,2019,2019,40,"All public transport, excluding LUAS",12,Week 12,3407670
THA24C01,Passenger Journeys,2019,2019,40,"All public transport, excluding LUAS",13,Week 13,3886607
THA24C01,Passenger Journeys,2019,2019,40,"All public transport, excluding LUAS",14,Week 14,3812412
THA24C01,Passenger Journeys,2019,2019,40,"All public transport, excluding LUAS",15,Week 15,3818948
THA24C01,Passenger Journeys,2019,2019,40,"All public transport, excluding LUAS",16,Week 16,3360396
THA24C01,Passenger Journeys,2019,2019,40,"All public transport, excluding LUAS",17,Week 17,3136749
THA24C01,Passenger Journeys,2019,2019,40,"All public transport, excluding LUAS",18,Week 18,3718637
THA24C01,Passenger Journeys,2019,2019,40,"All public transport, excluding LUAS",19,Week 19,3370829
THA24C01,Passenger Journeys,2019,2019,40,"All public transport, excluding LUAS",20,Week 20,3652188
THA24C01,Passenger Journeys,2019,2019,40,"All public transport, excluding LUAS",21,Week 21,3639363
THA24C01,Passenger Journeys,2019,2019,40,"All public transport, excluding LUAS",22,Week 22,3581722
THA24C01,Passenger Journeys,2019,2019,40,"All public transport, excluding LUAS",23,Week 23,3209364
THA24C01,Passenger Journeys,2019,2019,40,"All public transport, excluding LUAS",24,Week 24,3514291
THA24C01,Passenger Journeys,2019,2019,40,"All public transport, excluding LUAS",25,Week 25,3507550
THA24C01,Passenger Journeys,2019,2019,40,"All public transport, excluding LUAS",26,Week 26,3527023
THA24C01,Passenger Journeys,2019,2019,40,"All public transport, excluding LUAS",27,Week 27,3658417
THA24C01,Passenger Journeys,2019,2019,40,"All public transport, excluding LUAS",28,Week 28,3667128
THA24C01,Passenger Journeys,2019,2019,40,"All public transport, excluding LUAS",29,Week 29,3596712
THA24C01,Passenger Journeys,2019,2019,40,"All public transport, excluding LUAS",30,Week 30,3653142
THA24C01,Passenger Journeys,2019,2019,40,"All public transport, excluding LUAS",31,Week 31,3405876
THA24C01,Passenger Journeys,2019,2019,40,"All public transport, excluding LUAS",32,Week 32,3164567
THA24C01,Passenger Journeys,2019,2019,40,"All public transport, excluding LUAS",33,Week 33,3422765
THA24C01,Passenger Journeys,2019,2019,40,"All public transport, excluding LUAS",34,Week 34,3482725
THA24C01,Passenger Journeys,2019,2019,40,"All public transport, excluding LUAS",35,Week 35,3567603
THA24C01,Passenger Journeys,2019,2019,40,"All public transport, excluding LUAS",36,Week 36,3743607
THA24C01,Passenger Journeys,2019,2019,40,"All public transport, excluding LUAS",37,Week 37,3929875
THA24C01,Passenger Journeys,2019,2019,40,"All public transport, excluding LUAS",38,Week 38,4010829
THA24C01,Passenger Journeys,2019,2019,40,"All public transport, excluding LUAS",39,Week 39,4018232
THA24C01,Passenger Journeys,2019,2019,40,"All public transport, excluding LUAS",40,Week 40,3915759
THA24C01,Passenger Journeys,2019,2019,40,"All public transport, excluding LUAS",41,Week 41,4067984
THA24C01,Passenger Journeys,2019,2019,40,"All public transport, excluding LUAS",42,Week 42,4044491
THA24C01,Passenger Journeys,2019,2019,40,"All public transport, excluding LUAS",43,Week 43,3995255
THA24C01,Passenger Journeys,2019,2019,40,"All public transport, excluding LUAS",44,Week 44,3364007
THA24C01,Passenger Journeys,2019,2019,40,"All public transport, excluding LUAS",45,Week 45,3906365
THA24C01,Passenger Journeys,2019,2019,40,"All public transport, excluding LUAS",46,Week 46,3990724
THA24C01,Passenger Journeys,2019,2019,40,"All public transport, excluding LUAS",47,Week 47,3964812
THA24C01,Passenger Journeys,2019,2019,40,"All public transport, excluding LUAS",48,Week 48,4045954
THA24C01,Passenger Journeys,2019,2019,40,"All public transport, excluding LUAS",49,Week 49,3989075
THA24C01,Passenger Journeys,2019,2019,40,"All public transport, excluding LUAS",50,Week 50,4040078
THA24C01,Passenger Journeys,2019,2019,40,"All public transport, excluding LUAS",51,Week 51,4067125
THA24C01,Passenger Journeys,2019,2019,40,"All public transport, excluding LUAS",52,Week 52,1996529
THA24C01,Passenger Journeys,2019,2019,40,"All public transport, excluding LUAS",53,Week 53,
THA24C01,Passenger Journeys,2020,2020,10,Dublin Metro Bus,1,Week 01,1970550
THA24C01,Passenger Journeys,2020,2020,10,Dublin Metro Bus,2,Week 02,2830713
THA24C01,Passenger Journeys,2020,2020,10,Dublin Metro Bus,3,Week 03,2907797
THA24C01,Passenger Journeys,2020,2020,10,Dublin Metro Bus,4,Week 04,3076009
THA24C01,Passenger Journeys,2020,2020,10,Dublin Metro Bus,5,Week 05,3152056
THA24C01,Passenger Journeys,2020,2020,10,Dublin Metro Bus,6,Week 06,3104689
THA24C01,Passenger Journeys,2020,2020,10,Dublin Metro Bus,7,Week 07,3097986
THA24C01,Passenger Journeys,2020,2020,10,Dublin Metro Bus,8,Week 08,3046425
THA24C01,Passenger Journeys,2020,2020,10,Dublin Metro Bus,9,Week 09,3145979
THA24C01,Passenger Journeys,2020,2020,10,Dublin Metro Bus,10,Week 10,3103704
THA24C01,Passenger Journeys,2020,2020,10,Dublin Metro Bus,11,Week 11,2451496
THA24C01,Passenger Journeys,2020,2020,10,Dublin Metro Bus,12,Week 12,828756
THA24C01,Passenger Journeys,2020,2020,10,Dublin Metro Bus,13,Week 13,593463
THA24C01,Passenger Journeys,2020,2020,10,Dublin Metro Bus,14,Week 14,365560
THA24C01,Passenger Journeys,2020,2020,10,Dublin Metro Bus,15,Week 15,374262
THA24C01,Passenger Journeys,2020,2020,10,Dublin Metro Bus,16,Week 16,361266
THA24C01,Passenger Journeys,2020,2020,10,Dublin Metro Bus,17,Week 17,408826
THA24C01,Passenger Journeys,2020,2020,10,Dublin Metro Bus,18,Week 18,433369
THA24C01,Passenger Journeys,2020,2020,10,Dublin Metro Bus,19,Week 19,449887
THA24C01,Passenger Journeys,2020,2020,10,Dublin Metro Bus,20,Week 20,504279
THA24C01,Passenger Journeys,2020,2020,10,Dublin Metro Bus,21,Week 21,631921
THA24C01,Passenger Journeys,2020,2020,10,Dublin Metro Bus,22,Week 22,740034
THA24C01,Passenger Journeys,2020,2020,10,Dublin Metro Bus,23,Week 23,717292
THA24C01,Passenger Journeys,2020,2020,10,Dublin Metro Bus,24,Week 24,885658
THA24C01,Passenger Journeys,2020,2020,10,Dublin Metro Bus,25,Week 25,1004952
THA24C01,Passenger Journeys,2020,2020,10,Dublin Metro Bus,26,Week 26,1050419
THA24C01,Passenger Journeys,2020,2020,10,Dublin Metro Bus,27,Week 27,1215359
THA24C01,Passenger Journeys,2020,2020,10,Dublin Metro Bus,28,Week 28,1301584
THA24C01,Passenger Journeys,2020,2020,10,Dublin Metro Bus,29,Week 29,1317821
THA24C01,Passenger Journeys,2020,2020,10,Dublin Metro Bus,30,Week 30,1345580
THA24C01,Passenger Journeys,2020,2020,10,Dublin Metro Bus,31,Week 31,1390530
THA24C01,Passenger Journeys,2020,2020,10,Dublin Metro Bus,32,Week 32,1340117
THA24C01,Passenger Journeys,2020,2020,10,Dublin Metro Bus,33,Week 33,1404722
THA24C01,Passenger Journeys,2020,2020,10,Dublin Metro Bus,34,Week 34,1369602
THA24C01,Passenger Journeys,2020,2020,10,Dublin Metro Bus,35,Week 35,1448462
THA24C01,Passenger Journeys,2020,2020,10,Dublin Metro Bus,36,Week 36,1580362
THA24C01,Passenger Journeys,2020,2020,10,Dublin Metro Bus,37,Week 37,1642110
THA24C01,Passenger Journeys,2020,2020,10,Dublin Metro Bus,38,Week 38,1578521
THA24C01,Passenger Journeys,2020,2020,10,Dublin Metro Bus,39,Week 39,1517678
THA24C01,Passenger Journeys,2020,2020,10,Dublin Metro Bus,40,Week 40,1489761
THA24C01,Passenger Journeys,2020,2020,10,Dublin Metro Bus,41,Week 41,1554561
THA24C01,Passenger Journeys,2020,2020,10,Dublin Metro Bus,42,Week 42,1535839
THA24C01,Passenger Journeys,2020,2020,10,Dublin Metro Bus,43,Week 43,1297841
THA24C01,Passenger Journeys,2020,2020,10,Dublin Metro Bus,44,Week 44,868428
THA24C01,Passenger Journeys,2020,2020,10,Dublin Metro Bus,45,Week 45,1163897
THA24C01,Passenger Journeys,2020,2020,10,Dublin Metro Bus,46,Week 46,1169742
THA24C01,Passenger Journeys,2020,2020,10,Dublin Metro Bus,47,Week 47,1207986
THA24C01,Passenger Journeys,2020,2020,10,Dublin Metro Bus,48,Week 48,1241445
THA24C01,Passenger Journeys,2020,2020,10,Dublin Metro Bus,49,Week 49,1586454
THA24C01,Passenger Journeys,2020,2020,10,Dublin Metro Bus,50,Week 50,1682988
THA24C01,Passenger Journeys,2020,2020,10,Dublin Metro Bus,51,Week 51,1745336
THA24C01,Passenger Journeys,2020,2020,10,Dublin Metro Bus,52,Week 52,1076018
THA24C01,Passenger Journeys,2020,2020,10,Dublin Metro Bus,53,Week 53,707458
THA24C01,Passenger Journeys,2020,2020,20,"Bus, excluding Dublin Metro",1,Week 01,523817
THA24C01,Passenger Journeys,2020,2020,20,"Bus, excluding Dublin Metro",2,Week 02,652672
THA24C01,Passenger Journeys,2020,2020,20,"Bus, excluding Dublin Metro",3,Week 03,693102
THA24C01,Passenger Journeys,2020,2020,20,"Bus, excluding Dublin Metro",4,Week 04,747531
THA24C01,Passenger Journeys,2020,2020,20,"Bus, excluding Dublin Metro",5,Week 05,755189
THA24C01,Passenger Journeys,2020,2020,20,"Bus, excluding Dublin Metro",6,Week 06,748401
THA24C01,Passenger Journeys,2020,2020,20,"Bus, excluding Dublin Metro",7,Week 07,729974
THA24C01,Passenger Journeys,2020,2020,20,"Bus, excluding Dublin Metro",8,Week 08,728267
THA24C01,Passenger Journeys,2020,2020,20,"Bus, excluding Dublin Metro",9,Week 09,738222
THA24C01,Passenger Journeys,2020,2020,20,"Bus, excluding Dublin Metro",10,Week 10,755581
THA24C01,Passenger Journeys,2020,2020,20,"Bus, excluding Dublin Metro",11,Week 11,585892
THA24C01,Passenger Journeys,2020,2020,20,"Bus, excluding Dublin Metro",12,Week 12,189509
THA24C01,Passenger Journeys,2020,2020,20,"Bus, excluding Dublin Metro",13,Week 13,143429
THA24C01,Passenger Journeys,2020,2020,20,"Bus, excluding Dublin Metro",14,Week 14,85598
THA24C01,Passenger Journeys,2020,2020,20,"Bus, excluding Dublin Metro",15,Week 15,91529
THA24C01,Passenger Journeys,2020,2020,20,"Bus, excluding Dublin Metro",16,Week 16,85871
THA24C01,Passenger Journeys,2020,2020,20,"Bus, excluding Dublin Metro",17,Week 17,100755
THA24C01,Passenger Journeys,2020,2020,20,"Bus, excluding Dublin Metro",18,Week 18,106193
THA24C01,Passenger Journeys,2020,2020,20,"Bus, excluding Dublin Metro",19,Week 19,110131
THA24C01,Passenger Journeys,2020,2020,20,"Bus, excluding Dublin Metro",20,Week 20,122686
THA24C01,Passenger Journeys,2020,2020,20,"Bus, excluding Dublin Metro",21,Week 21,149607
THA24C01,Passenger Journeys,2020,2020,20,"Bus, excluding Dublin Metro",22,Week 22,171072
THA24C01,Passenger Journeys,2020,2020,20,"Bus, excluding Dublin Metro",23,Week 23,169871
THA24C01,Passenger Journeys,2020,2020,20,"Bus, excluding Dublin Metro",24,Week 24,219384
THA24C01,Passenger Journeys,2020,2020,20,"Bus, excluding Dublin Metro",25,Week 25,250295
THA24C01,Passenger Journeys,2020,2020,20,"Bus, excluding Dublin Metro",26,Week 26,259592
THA24C01,Passenger Journeys,2020,2020,20,"Bus, excluding Dublin Metro",27,Week 27,305350
THA24C01,Passenger Journeys,2020,2020,20,"Bus, excluding Dublin Metro",28,Week 28,338931
THA24C01,Passenger Journeys,2020,2020,20,"Bus, excluding Dublin Metro",29,Week 29,347104
THA24C01,Passenger Journeys,2020,2020,20,"Bus, excluding Dublin Metro",30,Week 30,358836
THA24C01,Passenger Journeys,2020,2020,20,"Bus, excluding Dublin Metro",31,Week 31,369536
THA24C01,Passenger Journeys,2020,2020,20,"Bus, excluding Dublin Metro",32,Week 32,357425
THA24C01,Passenger Journeys,2020,2020,20,"Bus, excluding Dublin Metro",33,Week 33,382286
THA24C01,Passenger Journeys,2020,2020,20,"Bus, excluding Dublin Metro",34,Week 34,354355
THA24C01,Passenger Journeys,2020,2020,20,"Bus, excluding Dublin Metro",35,Week 35,390235
THA24C01,Passenger Journeys,2020,2020,20,"Bus, excluding Dublin Metro",36,Week 36,418714
THA24C01,Passenger Journeys,2020,2020,20,"Bus, excluding Dublin Metro",37,Week 37,427899
THA24C01,Passenger Journeys,2020,2020,20,"Bus, excluding Dublin Metro",38,Week 38,432729
THA24C01,Passenger Journeys,2020,2020,20,"Bus, excluding Dublin Metro",39,Week 39,438357
THA24C01,Passenger Journeys,2020,2020,20,"Bus, excluding Dublin Metro",40,Week 40,435417
THA24C01,Passenger Journeys,2020,2020,20,"Bus, excluding Dublin Metro",41,Week 41,405986
THA24C01,Passenger Journeys,2020,2020,20,"Bus, excluding Dublin Metro",42,Week 42,382078
THA24C01,Passenger Journeys,2020,2020,20,"Bus, excluding Dublin Metro",43,Week 43,319938
THA24C01,Passenger Journeys,2020,2020,20,"Bus, excluding Dublin Metro",44,Week 44,204748
THA24C01,Passenger Journeys,2020,2020,20,"Bus, excluding Dublin Metro",45,Week 45,289411
THA24C01,Passenger Journeys,2020,2020,20,"Bus, excluding Dublin Metro",46,Week 46,291201
THA24C01,Passenger Journeys,2020,2020,20,"Bus, excluding Dublin Metro",47,Week 47,302115
THA24C01,Passenger Journeys,2020,2020,20,"Bus, excluding Dublin Metro",48,Week 48,307535
THA24C01,Passenger Journeys,2020,2020,20,"Bus, excluding Dublin Metro",49,Week 49,407988
THA24C01,Passenger Journeys,2020,2020,20,"Bus, excluding Dublin Metro",50,Week 50,436740
THA24C01,Passenger Journeys,2020,2020,20,"Bus, excluding Dublin Metro",51,Week 51,444680
THA24C01,Passenger Journeys,2020,2020,20,"Bus, excluding Dublin Metro",52,Week 52,272410
THA24C01,Passenger Journeys,2020,2020,20,"Bus, excluding Dublin Metro",53,Week 53,170366
THA24C01,Passenger Journeys,2020,2020,30,Rail,1,Week 01,697954
THA24C01,Passenger Journeys,2020,2020,30,Rail,2,Week 02,899175
THA24C01,Passenger Journeys,2020,2020,30,Rail,3,Week 03,925257
THA24C01,Passenger Journeys,2020,2020,30,Rail,4,Week 04,959703
THA24C01,Passenger Journeys,2020,2020,30,Rail,5,Week 05,1019494
THA24C01,Passenger Journeys,2020,2020,30,Rail,6,Week 06,1041672
THA24C01,Passenger Journeys,2020,2020,30,Rail,7,Week 07,908680
THA24C01,Passenger Journeys,2020,2020,30,Rail,8,Week 08,954421
THA24C01,Passenger Journeys,2020,2020,30,Rail,9,Week 09,946324
THA24C01,Passenger Journeys,2020,2020,30,Rail,10,Week 10,851347
THA24C01,Passenger Journeys,2020,2020,30,Rail,11,Week 11,907046
THA24C01,Passenger Journeys,2020,2020,30,Rail,12,Week 12,627170
THA24C01,Passenger Journeys,2020,2020,30,Rail,13,Week 13,77149
THA24C01,Passenger Journeys,2020,2020,30,Rail,14,Week 14,26302
THA24C01,Passenger Journeys,2020,2020,30,Rail,15,Week 15,23231
THA24C01,Passenger Journeys,2020,2020,30,Rail,16,Week 16,28071
THA24C01,Passenger Journeys,2020,2020,30,Rail,17,Week 17,32787
THA24C01,Passenger Journeys,2020,2020,30,Rail,18,Week 18,35354
THA24C01,Passenger Journeys,2020,2020,30,Rail,19,Week 19,38142
THA24C01,Passenger Journeys,2020,2020,30,Rail,20,Week 20,44431
THA24C01,Passenger Journeys,2020,2020,30,Rail,21,Week 21,69766
THA24C01,Passenger Journeys,2020,2020,30,Rail,22,Week 22,98967
THA24C01,Passenger Journeys,2020,2020,30,Rail,23,Week 23,101021
THA24C01,Passenger Journeys,2020,2020,30,Rail,24,Week 24,138791
THA24C01,Passenger Journeys,2020,2020,30,Rail,25,Week 25,170670
THA24C01,Passenger Journeys,2020,2020,30,Rail,26,Week 26,199508
THA24C01,Passenger Journeys,2020,2020,30,Rail,27,Week 27,261970
THA24C01,Passenger Journeys,2020,2020,30,Rail,28,Week 28,261970
THA24C01,Passenger Journeys,2020,2020,30,Rail,29,Week 29,278033
THA24C01,Passenger Journeys,2020,2020,30,Rail,30,Week 30,286232
THA24C01,Passenger Journeys,2020,2020,30,Rail,31,Week 31,305731
THA24C01,Passenger Journeys,2020,2020,30,Rail,32,Week 32,323489
THA24C01,Passenger Journeys,2020,2020,30,Rail,33,Week 33,295557
THA24C01,Passenger Journeys,2020,2020,30,Rail,34,Week 34,258999
THA24C01,Passenger Journeys,2020,2020,30,Rail,35,Week 35,285663
THA24C01,Passenger Journeys,2020,2020,30,Rail,36,Week 36,332558
THA24C01,Passenger Journeys,2020,2020,30,Rail,37,Week 37,346681
THA24C01,Passenger Journeys,2020,2020,30,Rail,38,Week 38,323907
THA24C01,Passenger Journeys,2020,2020,30,Rail,39,Week 39,289803
THA24C01,Passenger Journeys,2020,2020,30,Rail,40,Week 40,284420
THA24C01,Passenger Journeys,2020,2020,30,Rail,41,Week 41,275531
THA24C01,Passenger Journeys,2020,2020,30,Rail,42,Week 42,263936
THA24C01,Passenger Journeys,2020,2020,30,Rail,43,Week 43,197097
THA24C01,Passenger Journeys,2020,2020,30,Rail,44,Week 44,118406
THA24C01,Passenger Journeys,2020,2020,30,Rail,45,Week 45,181839
THA24C01,Passenger Journeys,2020,2020,30,Rail,46,Week 46,176067
THA24C01,Passenger Journeys,2020,2020,30,Rail,47,Week 47,197427
THA24C01,Passenger Journeys,2020,2020,30,Rail,48,Week 48,194005
THA24C01,Passenger Journeys,2020,2020,30,Rail,49,Week 49,295306
THA24C01,Passenger Journeys,2020,2020,30,Rail,50,Week 50,315393
THA24C01,Passenger Journeys,2020,2020,30,Rail,51,Week 51,322484
THA24C01,Passenger Journeys,2020,2020,30,Rail,52,Week 52,184982
THA24C01,Passenger Journeys,2020,2020,30,Rail,53,Week 53,101951
THA24C01,Passenger Journeys,2020,2020,40,"All public transport, excluding LUAS",1,Week 01,3192321
THA24C01,Passenger Journeys,2020,2020,40,"All public transport, excluding LUAS",2,Week 02,4382560
THA24C01,Passenger Journeys,2020,2020,40,"All public transport, excluding LUAS",3,Week 03,4526156
THA24C01,Passenger Journeys,2020,2020,40,"All public transport, excluding LUAS",4,Week 04,4783243
THA24C01,Passenger Journeys,2020,2020,40,"All public transport, excluding LUAS",5,Week 05,4926739
THA24C01,Passenger Journeys,2020,2020,40,"All public transport, excluding LUAS",6,Week 06,4894762
THA24C01,Passenger Journeys,2020,2020,40,"All public transport, excluding LUAS",7,Week 07,4736640
THA24C01,Passenger Journeys,2020,2020,40,"All public transport, excluding LUAS",8,Week 08,4729113
THA24C01,Passenger Journeys,2020,2020,40,"All public transport, excluding LUAS",9,Week 09,4830525
THA24C01,Passenger Journeys,2020,2020,40,"All public transport, excluding LUAS",10,Week 10,4710632
THA24C01,Passenger Journeys,2020,2020,40,"All public transport, excluding LUAS",11,Week 11,3944434
THA24C01,Passenger Journeys,2020,2020,40,"All public transport, excluding LUAS",12,Week 12,1645435
THA24C01,Passenger Journeys,2020,2020,40,"All public transport, excluding LUAS",13,Week 13,814041
THA24C01,Passenger Journeys,2020,2020,40,"All public transport, excluding LUAS",14,Week 14,477460
THA24C01,Passenger Journeys,2020,2020,40,"All public transport, excluding LUAS",15,Week 15,489022
THA24C01,Passenger Journeys,2020,2020,40,"All public transport, excluding LUAS",16,Week 16,475208
THA24C01,Passenger Journeys,2020,2020,40,"All public transport, excluding LUAS",17,Week 17,542368
THA24C01,Passenger Journeys,2020,2020,40,"All public transport, excluding LUAS",18,Week 18,574916
THA24C01,Passenger Journeys,2020,2020,40,"All public transport, excluding LUAS",19,Week 19,598160
THA24C01,Passenger Journeys,2020,2020,40,"All public transport, excluding LUAS",20,Week 20,671396
THA24C01,Passenger Journeys,2020,2020,40,"All public transport, excluding LUAS",21,Week 21,851294
THA24C01,Passenger Journeys,2020,2020,40,"All public transport, excluding LUAS",22,Week 22,1010073
THA24C01,Passenger Journeys,2020,2020,40,"All public transport, excluding LUAS",23,Week 23,988184
THA24C01,Passenger Journeys,2020,2020,40,"All public transport, excluding LUAS",24,Week 24,1243833
THA24C01,Passenger Journeys,2020,2020,40,"All public transport, excluding LUAS",25,Week 25,1425917
THA24C01,Passenger Journeys,2020,2020,40,"All public transport, excluding LUAS",26,Week 26,1509519
THA24C01,Passenger Journeys,2020,2020,40,"All public transport, excluding LUAS",27,Week 27,1782679
THA24C01,Passenger Journeys,2020,2020,40,"All public transport, excluding LUAS",28,Week 28,1902485
THA24C01,Passenger Journeys,2020,2020,40,"All public transport, excluding LUAS",29,Week 29,1942958
THA24C01,Passenger Journeys,2020,2020,40,"All public transport, excluding LUAS",30,Week 30,1990648
THA24C01,Passenger Journeys,2020,2020,40,"All public transport, excluding LUAS",31,Week 31,2065797
THA24C01,Passenger Journeys,2020,2020,40,"All public transport, excluding LUAS",32,Week 32,2021031
THA24C01,Passenger Journeys,2020,2020,40,"All public transport, excluding LUAS",33,Week 33,2082565
THA24C01,Passenger Journeys,2020,2020,40,"All public transport, excluding LUAS",34,Week 34,1982956
THA24C01,Passenger Journeys,2020,2020,40,"All public transport, excluding LUAS",35,Week 35,2124360
THA24C01,Passenger Journeys,2020,2020,40,"All public transport, excluding LUAS",36,Week 36,2331634
THA24C01,Passenger Journeys,2020,2020,40,"All public transport, excluding LUAS",37,Week 37,2416690
THA24C01,Passenger Journeys,2020,2020,40,"All public transport, excluding LUAS",38,Week 38,2335157
THA24C01,Passenger Journeys,2020,2020,40,"All public transport, excluding LUAS",39,Week 39,2245838
THA24C01,Passenger Journeys,2020,2020,40,"All public transport, excluding LUAS",40,Week 40,2209598
THA24C01,Passenger Journeys,2020,2020,40,"All public transport, excluding LUAS",41,Week 41,2236078
THA24C01,Passenger Journeys,2020,2020,40,"All public transport, excluding LUAS",42,Week 42,2181853
THA24C01,Passenger Journeys,2020,2020,40,"All public transport, excluding LUAS",43,Week 43,1814876
THA24C01,Passenger Journeys,2020,2020,40,"All public transport, excluding LUAS",44,Week 44,1191582
THA24C01,Passenger Journeys,2020,2020,40,"All public transport, excluding LUAS",45,Week 45,1635147
THA24C01,Passenger Journeys,2020,2020,40,"All public transport, excluding LUAS",46,Week 46,1637010
THA24C01,Passenger Journeys,2020,2020,40,"All public transport, excluding LUAS",47,Week 47,1707528
THA24C01,Passenger Journeys,2020,2020,40,"All public transport, excluding LUAS",48,Week 48,1742985
THA24C01,Passenger Journeys,2020,2020,40,"All public transport, excluding LUAS",49,Week 49,2289748
THA24C01,Passenger Journeys,2020,2020,40,"All public transport, excluding LUAS",50,Week 50,2435121
THA24C01,Passenger Journeys,2020,2020,40,"All public transport, excluding LUAS",51,Week 51,2512500
THA24C01,Passenger Journeys,2020,2020,40,"All public transport, excluding LUAS",52,Week 52,1533410
THA24C01,Passenger Journeys,2020,2020,40,"All public transport, excluding LUAS",53,Week 53,979775
THA24C01,Passenger Journeys,2021,2021,10,Dublin Metro Bus,1,Week 01,747912
THA24C01,Passenger Journeys,2021,2021,10,Dublin Metro Bus,2,Week 02,735000
THA24C01,Passenger Journeys,2021,2021,10,Dublin Metro Bus,3,Week 03,731273
THA24C01,Passenger Journeys,2021,2021,10,Dublin Metro Bus,4,Week 04,742813
THA24C01,Passenger Journeys,2021,2021,10,Dublin Metro Bus,5,Week 05,791189
THA24C01,Passenger Journeys,2021,2021,10,Dublin Metro Bus,6,Week 06,775491
THA24C01,Passenger Journeys,2021,2021,10,Dublin Metro Bus,7,Week 07,849801
THA24C01,Passenger Journeys,2021,2021,10,Dublin Metro Bus,8,Week 08,884911
THA24C01,Passenger Journeys,2021,2021,10,Dublin Metro Bus,9,Week 09,947256
THA24C01,Passenger Journeys,2021,2021,10,Dublin Metro Bus,10,Week 10,945236
THA24C01,Passenger Journeys,2021,2021,10,Dublin Metro Bus,11,Week 11,963568
THA24C01,Passenger Journeys,2021,2021,10,Dublin Metro Bus,12,Week 12,1015358
THA24C01,Passenger Journeys,2021,2021,10,Dublin Metro Bus,13,Week 13,1007971
THA24C01,Passenger Journeys,2021,2021,10,Dublin Metro Bus,14,Week 14,911592
THA24C01,Passenger Journeys,2021,2021,10,Dublin Metro Bus,15,Week 15,1173468
THA24C01,Passenger Journeys,2021,2021,10,Dublin Metro Bus,16,Week 16,1227564
THA24C01,Passenger Journeys,2021,2021,10,Dublin Metro Bus,17,Week 17,1218011
THA24C01,Passenger Journeys,2021,2021,10,Dublin Metro Bus,18,Week 18,1096020
THA24C01,Passenger Journeys,2021,2021,10,Dublin Metro Bus,19,Week 19,1355893
THA24C01,Passenger Journeys,2021,2021,10,Dublin Metro Bus,20,Week 20,1471313
THA24C01,Passenger Journeys,2021,2021,10,Dublin Metro Bus,21,Week 21,1562407
THA24C01,Passenger Journeys,2021,2021,10,Dublin Metro Bus,22,Week 22,1547915
THA24C01,Passenger Journeys,2021,2021,10,Dublin Metro Bus,23,Week 23,1527611
THA24C01,Passenger Journeys,2021,2021,10,Dublin Metro Bus,24,Week 24,1623456
THA24C01,Passenger Journeys,2021,2021,10,Dublin Metro Bus,25,Week 25,1603926
THA24C01,Passenger Journeys,2021,2021,10,Dublin Metro Bus,26,Week 26,1586039
THA24C01,Passenger Journeys,2021,2021,10,Dublin Metro Bus,27,Week 27,1558866
THA24C01,Passenger Journeys,2021,2021,10,Dublin Metro Bus,28,Week 28,1623323
THA24C01,Passenger Journeys,2021,2021,10,Dublin Metro Bus,29,Week 29,1629341
THA24C01,Passenger Journeys,2021,2021,10,Dublin Metro Bus,30,Week 30,1595175
THA24C01,Passenger Journeys,2021,2021,10,Dublin Metro Bus,31,Week 31,1509235
THA24C01,Passenger Journeys,2021,2021,10,Dublin Metro Bus,32,Week 32,1636634
THA24C01,Passenger Journeys,2021,2021,10,Dublin Metro Bus,33,Week 33,1655260
THA24C01,Passenger Journeys,2021,2021,10,Dublin Metro Bus,34,Week 34,1766188
THA24C01,Passenger Journeys,2021,2021,10,Dublin Metro Bus,35,Week 35,1849382
THA24C01,Passenger Journeys,2021,2021,10,Dublin Metro Bus,36,Week 36,1919743
THA24C01,Passenger Journeys,2021,2021,10,Dublin Metro Bus,37,Week 37,1996559
THA24C01,Passenger Journeys,2021,2021,10,Dublin Metro Bus,38,Week 38,2133682
THA24C01,Passenger Journeys,2021,2021,10,Dublin Metro Bus,39,Week 39,2200701
THA24C01,Passenger Journeys,2021,2021,10,Dublin Metro Bus,40,Week 40,2247599
THA24C01,Passenger Journeys,2021,2021,10,Dublin Metro Bus,41,Week 41,2247417
THA24C01,Passenger Journeys,2021,2021,10,Dublin Metro Bus,42,Week 42,2260213
THA24C01,Passenger Journeys,2021,2021,10,Dublin Metro Bus,43,Week 43,1815542
THA24C01,Passenger Journeys,2021,2021,10,Dublin Metro Bus,44,Week 44,2239515
THA24C01,Passenger Journeys,2021,2021,10,Dublin Metro Bus,45,Week 45,2258734
THA24C01,Passenger Journeys,2021,2021,10,Dublin Metro Bus,46,Week 46,2218390
THA24C01,Passenger Journeys,2021,2021,10,Dublin Metro Bus,47,Week 47,2159300
THA24C01,Passenger Journeys,2021,2021,10,Dublin Metro Bus,48,Week 48,2126792
THA24C01,Passenger Journeys,2021,2021,10,Dublin Metro Bus,49,Week 49,1910575
THA24C01,Passenger Journeys,2021,2021,10,Dublin Metro Bus,50,Week 50,2173422
THA24C01,Passenger Journeys,2021,2021,10,Dublin Metro Bus,51,Week 51,1496396
THA24C01,Passenger Journeys,2021,2021,10,Dublin Metro Bus,52,Week 52,1099282
THA24C01,Passenger Journeys,2021,2021,10,Dublin Metro Bus,53,Week 53,
THA24C01,Passenger Journeys,2021,2021,20,"Bus, excluding Dublin Metro",1,Week 01,184151
THA24C01,Passenger Journeys,2021,2021,20,"Bus, excluding Dublin Metro",2,Week 02,184333
THA24C01,Passenger Journeys,2021,2021,20,"Bus, excluding Dublin Metro",3,Week 03,184441
THA24C01,Passenger Journeys,2021,2021,20,"Bus, excluding Dublin Metro",4,Week 04,189266
THA24C01,Passenger Journeys,2021,2021,20,"Bus, excluding Dublin Metro",5,Week 05,201849
THA24C01,Passenger Journeys,2021,2021,20,"Bus, excluding Dublin Metro",6,Week 06,198989
THA24C01,Passenger Journeys,2021,2021,20,"Bus, excluding Dublin Metro",7,Week 07,210651
THA24C01,Passenger Journeys,2021,2021,20,"Bus, excluding Dublin Metro",8,Week 08,218084
THA24C01,Passenger Journeys,2021,2021,20,"Bus, excluding Dublin Metro",9,Week 09,240137
THA24C01,Passenger Journeys,2021,2021,20,"Bus, excluding Dublin Metro",10,Week 10,239123
THA24C01,Passenger Journeys,2021,2021,20,"Bus, excluding Dublin Metro",11,Week 11,246289
THA24C01,Passenger Journeys,2021,2021,20,"Bus, excluding Dublin Metro",12,Week 12,260235
THA24C01,Passenger Journeys,2021,2021,20,"Bus, excluding Dublin Metro",13,Week 13,259578
THA24C01,Passenger Journeys,2021,2021,20,"Bus, excluding Dublin Metro",14,Week 14,239121
THA24C01,Passenger Journeys,2021,2021,20,"Bus, excluding Dublin Metro",15,Week 15,310154
THA24C01,Passenger Journeys,2021,2021,20,"Bus, excluding Dublin Metro",16,Week 16,326905
THA24C01,Passenger Journeys,2021,2021,20,"Bus, excluding Dublin Metro",17,Week 17,322352
THA24C01,Passenger Journeys,2021,2021,20,"Bus, excluding Dublin Metro",18,Week 18,287627
THA24C01,Passenger Journeys,2021,2021,20,"Bus, excluding Dublin Metro",19,Week 19,358853
THA24C01,Passenger Journeys,2021,2021,20,"Bus, excluding Dublin Metro",20,Week 20,391144
THA24C01,Passenger Journeys,2021,2021,20,"Bus, excluding Dublin Metro",21,Week 21,418633
THA24C01,Passenger Journeys,2021,2021,20,"Bus, excluding Dublin Metro",22,Week 22,418168
THA24C01,Passenger Journeys,2021,2021,20,"Bus, excluding Dublin Metro",23,Week 23,411324
THA24C01,Passenger Journeys,2021,2021,20,"Bus, excluding Dublin Metro",24,Week 24,446540
THA24C01,Passenger Journeys,2021,2021,20,"Bus, excluding Dublin Metro",25,Week 25,450941
THA24C01,Passenger Journeys,2021,2021,20,"Bus, excluding Dublin Metro",26,Week 26,447514
THA24C01,Passenger Journeys,2021,2021,20,"Bus, excluding Dublin Metro",27,Week 27,441652
THA24C01,Passenger Journeys,2021,2021,20,"Bus, excluding Dublin Metro",28,Week 28,466323
THA24C01,Passenger Journeys,2021,2021,20,"Bus, excluding Dublin Metro",29,Week 29,465320
THA24C01,Passenger Journeys,2021,2021,20,"Bus, excluding Dublin Metro",30,Week 30,449602
THA24C01,Passenger Journeys,2021,2021,20,"Bus, excluding Dublin Metro",31,Week 31,410910
THA24C01,Passenger Journeys,2021,2021,20,"Bus, excluding Dublin Metro",32,Week 32,457401
THA24C01,Passenger Journeys,2021,2021,20,"Bus, excluding Dublin Metro",33,Week 33,459631
THA24C01,Passenger Journeys,2021,2021,20,"Bus, excluding Dublin Metro",34,Week 34,505692
THA24C01,Passenger Journeys,2021,2021,20,"Bus, excluding Dublin Metro",35,Week 35,507106
THA24C01,Passenger Journeys,2021,2021,20,"Bus, excluding Dublin Metro",36,Week 36,527134
THA24C01,Passenger Journeys,2021,2021,20,"Bus, excluding Dublin Metro",37,Week 37,544763
THA24C01,Passenger Journeys,2021,2021,20,"Bus, excluding Dublin Metro",38,Week 38,578850
THA24C01,Passenger Journeys,2021,2021,20,"Bus, excluding Dublin Metro",39,Week 39,604775
THA24C01,Passenger Journeys,2021,2021,20,"Bus, excluding Dublin Metro",40,Week 40,601080
THA24C01,Passenger Journeys,2021,2021,20,"Bus, excluding Dublin Metro",41,Week 41,613892
THA24C01,Passenger Journeys,2021,2021,20,"Bus, excluding Dublin Metro",42,Week 42,609960
THA24C01,Passenger Journeys,2021,2021,20,"Bus, excluding Dublin Metro",43,Week 43,501525
THA24C01,Passenger Journeys,2021,2021,20,"Bus, excluding Dublin Metro",44,Week 44,588321
THA24C01,Passenger Journeys,2021,2021,20,"Bus, excluding Dublin Metro",45,Week 45,592538
THA24C01,Passenger Journeys,2021,2021,20,"Bus, excluding Dublin Metro",46,Week 46,598813
THA24C01,Passenger Journeys,2021,2021,20,"Bus, excluding Dublin Metro",47,Week 47,573025
THA24C01,Passenger Journeys,2021,2021,20,"Bus, excluding Dublin Metro",48,Week 48,545762
THA24C01,Passenger Journeys,2021,2021,20,"Bus, excluding Dublin Metro",49,Week 49,478897
THA24C01,Passenger Journeys,2021,2021,20,"Bus, excluding Dublin Metro",50,Week 50,586228
THA24C01,Passenger Journeys,2021,2021,20,"Bus, excluding Dublin Metro",51,Week 51,396284
THA24C01,Passenger Journeys,2021,2021,20,"Bus, excluding Dublin Metro",52,Week 52,289588
THA24C01,Passenger Journeys,2021,2021,20,"Bus, excluding Dublin Metro",53,Week 53,
THA24C01,Passenger Journeys,2021,2021,30,Rail,1,Week 01,107227
THA24C01,Passenger Journeys,2021,2021,30,Rail,2,Week 02,90529
THA24C01,Passenger Journeys,2021,2021,30,Rail,3,Week 03,93456
THA24C01,Passenger Journeys,2021,2021,30,Rail,4,Week 04,93322
THA24C01,Passenger Journeys,2021,2021,30,Rail,5,Week 05,105426
THA24C01,Passenger Journeys,2021,2021,30,Rail,6,Week 06,96338
THA24C01,Passenger Journeys,2021,2021,30,Rail,7,Week 07,114588
THA24C01,Passenger Journeys,2021,2021,30,Rail,8,Week 08,127685
THA24C01,Passenger Journeys,2021,2021,30,Rail,9,Week 09,142782
THA24C01,Passenger Journeys,2021,2021,30,Rail,10,Week 10,134132
THA24C01,Passenger Journeys,2021,2021,30,Rail,11,Week 11,144852
THA24C01,Passenger Journeys,2021,2021,30,Rail,12,Week 12,149153
THA24C01,Passenger Journeys,2021,2021,30,Rail,13,Week 13,172949
THA24C01,Passenger Journeys,2021,2021,30,Rail,14,Week 14,144048
THA24C01,Passenger Journeys,2021,2021,30,Rail,15,Week 15,225466
THA24C01,Passenger Journeys,2021,2021,30,Rail,16,Week 16,264009
THA24C01,Passenger Journeys,2021,2021,30,Rail,17,Week 17,225261
THA24C01,Passenger Journeys,2021,2021,30,Rail,18,Week 18,216234
THA24C01,Passenger Journeys,2021,2021,30,Rail,19,Week 19,269055
THA24C01,Passenger Journeys,2021,2021,30,Rail,20,Week 20,274137
THA24C01,Passenger Journeys,2021,2021,30,Rail,21,Week 21,366784
THA24C01,Passenger Journeys,2021,2021,30,Rail,22,Week 22,393257
THA24C01,Passenger Journeys,2021,2021,30,Rail,23,Week 23,377568
THA24C01,Passenger Journeys,2021,2021,30,Rail,24,Week 24,371228
THA24C01,Passenger Journeys,2021,2021,30,Rail,25,Week 25,368609
THA24C01,Passenger Journeys,2021,2021,30,Rail,26,Week 26,399131
THA24C01,Passenger Journeys,2021,2021,30,Rail,27,Week 27,359807
THA24C01,Passenger Journeys,2021,2021,30,Rail,28,Week 28,455660
THA24C01,Passenger Journeys,2021,2021,30,Rail,29,Week 29,466402
THA24C01,Passenger Journeys,2021,2021,30,Rail,30,Week 30,387647
THA24C01,Passenger Journeys,2021,2021,30,Rail,31,Week 31,386299
THA24C01,Passenger Journeys,2021,2021,30,Rail,32,Week 32,402833
THA24C01,Passenger Journeys,2021,2021,30,Rail,33,Week 33,396685
THA24C01,Passenger Journeys,2021,2021,30,Rail,34,Week 34,475258
THA24C01,Passenger Journeys,2021,2021,30,Rail,35,Week 35,445064
THA24C01,Passenger Journeys,2021,2021,30,Rail,36,Week 36,454290
THA24C01,Passenger Journeys,2021,2021,30,Rail,37,Week 37,430036
THA24C01,Passenger Journeys,2021,2021,30,Rail,38,Week 38,481469
THA24C01,Passenger Journeys,2021,2021,30,Rail,39,Week 39,516121
THA24C01,Passenger Journeys,2021,2021,30,Rail,40,Week 40,523639
THA24C01,Passenger Journeys,2021,2021,30,Rail,41,Week 41,524870
THA24C01,Passenger Journeys,2021,2021,30,Rail,42,Week 42,462006
THA24C01,Passenger Journeys,2021,2021,30,Rail,43,Week 43,440154
THA24C01,Passenger Journeys,2021,2021,30,Rail,44,Week 44,569327
THA24C01,Passenger Journeys,2021,2021,30,Rail,45,Week 45,570080
THA24C01,Passenger Journeys,2021,2021,30,Rail,46,Week 46,509671
THA24C01,Passenger Journeys,2021,2021,30,Rail,47,Week 47,465963
THA24C01,Passenger Journeys,2021,2021,30,Rail,48,Week 48,465590
THA24C01,Passenger Journeys,2021,2021,30,Rail,49,Week 49,417041
THA24C01,Passenger Journeys,2021,2021,30,Rail,50,Week 50,477149
THA24C01,Passenger Journeys,2021,2021,30,Rail,51,Week 51,278965
THA24C01,Passenger Journeys,2021,2021,30,Rail,52,Week 52,243709
THA24C01,Passenger Journeys,2021,2021,30,Rail,53,Week 53,
THA24C01,Passenger Journeys,2021,2021,40,"All public transport, excluding LUAS",1,Week 01,1039290
THA24C01,Passenger Journeys,2021,2021,40,"All public transport, excluding LUAS",2,Week 02,1009862
THA24C01,Passenger Journeys,2021,2021,40,"All public transport, excluding LUAS",3,Week 03,1009170
THA24C01,Passenger Journeys,2021,2021,40,"All public transport, excluding LUAS",4,Week 04,1025401
THA24C01,Passenger Journeys,2021,2021,40,"All public transport, excluding LUAS",5,Week 05,1098464
THA24C01,Passenger Journeys,2021,2021,40,"All public transport, excluding LUAS",6,Week 06,1070818
THA24C01,Passenger Journeys,2021,2021,40,"All public transport, excluding LUAS",7,Week 07,1175040
THA24C01,Passenger Journeys,2021,2021,40,"All public transport, excluding LUAS",8,Week 08,1230680
THA24C01,Passenger Journeys,2021,2021,40,"All public transport, excluding LUAS",9,Week 09,1330175
THA24C01,Passenger Journeys,2021,2021,40,"All public transport, excluding LUAS",10,Week 10,1318491
THA24C01,Passenger Journeys,2021,2021,40,"All public transport, excluding LUAS",11,Week 11,1354709
THA24C01,Passenger Journeys,2021,2021,40,"All public transport, excluding LUAS",12,Week 12,1424746
THA24C01,Passenger Journeys,2021,2021,40,"All public transport, excluding LUAS",13,Week 13,1440498
THA24C01,Passenger Journeys,2021,2021,40,"All public transport, excluding LUAS",14,Week 14,1294761
THA24C01,Passenger Journeys,2021,2021,40,"All public transport, excluding LUAS",15,Week 15,1709088
THA24C01,Passenger Journeys,2021,2021,40,"All public transport, excluding LUAS",16,Week 16,1818478
THA24C01,Passenger Journeys,2021,2021,40,"All public transport, excluding LUAS",17,Week 17,1765624
THA24C01,Passenger Journeys,2021,2021,40,"All public transport, excluding LUAS",18,Week 18,1599881
THA24C01,Passenger Journeys,2021,2021,40,"All public transport, excluding LUAS",19,Week 19,1983801
THA24C01,Passenger Journeys,2021,2021,40,"All public transport, excluding LUAS",20,Week 20,2136594
THA24C01,Passenger Journeys,2021,2021,40,"All public transport, excluding LUAS",21,Week 21,2347824
THA24C01,Passenger Journeys,2021,2021,40,"All public transport, excluding LUAS",22,Week 22,2359340
THA24C01,Passenger Journeys,2021,2021,40,"All public transport, excluding LUAS",23,Week 23,2316503
THA24C01,Passenger Journeys,2021,2021,40,"All public transport, excluding LUAS",24,Week 24,2441224
THA24C01,Passenger Journeys,2021,2021,40,"All public transport, excluding LUAS",25,Week 25,2423476
THA24C01,Passenger Journeys,2021,2021,40,"All public transport, excluding LUAS",26,Week 26,2432684
THA24C01,Passenger Journeys,2021,2021,40,"All public transport, excluding LUAS",27,Week 27,2360325
THA24C01,Passenger Journeys,2021,2021,40,"All public transport, excluding LUAS",28,Week 28,2545306
THA24C01,Passenger Journeys,2021,2021,40,"All public transport, excluding LUAS",29,Week 29,2561063
THA24C01,Passenger Journeys,2021,2021,40,"All public transport, excluding LUAS",30,Week 30,2432424
THA24C01,Passenger Journeys,2021,2021,40,"All public transport, excluding LUAS",31,Week 31,2306444
THA24C01,Passenger Journeys,2021,2021,40,"All public transport, excluding LUAS",32,Week 32,2496868
THA24C01,Passenger Journeys,2021,2021,40,"All public transport, excluding LUAS",33,Week 33,2511576
THA24C01,Passenger Journeys,2021,2021,40,"All public transport, excluding LUAS",34,Week 34,2747138
THA24C01,Passenger Journeys,2021,2021,40,"All public transport, excluding LUAS",35,Week 35,2801552
THA24C01,Passenger Journeys,2021,2021,40,"All public transport, excluding LUAS",36,Week 36,2901167
THA24C01,Passenger Journeys,2021,2021,40,"All public transport, excluding LUAS",37,Week 37,2971358
THA24C01,Passenger Journeys,2021,2021,40,"All public transport, excluding LUAS",38,Week 38,3194001
THA24C01,Passenger Journeys,2021,2021,40,"All public transport, excluding LUAS",39,Week 39,3321597
THA24C01,Passenger Journeys,2021,2021,40,"All public transport, excluding LUAS",40,Week 40,3372318
THA24C01,Passenger Journeys,2021,2021,40,"All public transport, excluding LUAS",41,Week 41,3386179
THA24C01,Passenger Journeys,2021,2021,40,"All public transport, excluding LUAS",42,Week 42,3332179
THA24C01,Passenger Journeys,2021,2021,40,"All public transport, excluding LUAS",43,Week 43,2757221
THA24C01,Passenger Journeys,2021,2021,40,"All public transport, excluding LUAS",44,Week 44,3397163
THA24C01,Passenger Journeys,2021,2021,40,"All public transport, excluding LUAS",45,Week 45,3421352
THA24C01,Passenger Journeys,2021,2021,40,"All public transport, excluding LUAS",46,Week 46,3326874
THA24C01,Passenger Journeys,2021,2021,40,"All public transport, excluding LUAS",47,Week 47,3198288
THA24C01,Passenger Journeys,2021,2021,40,"All public transport, excluding LUAS",48,Week 48,3138144
THA24C01,Passenger Journeys,2021,2021,40,"All public transport, excluding LUAS",49,Week 49,2806513
THA24C01,Passenger Journeys,2021,2021,40,"All public transport, excluding LUAS",50,Week 50,3236799
THA24C01,Passenger Journeys,2021,2021,40,"All public transport, excluding LUAS",51,Week 51,2171645
THA24C01,Passenger Journeys,2021,2021,40,"All public transport, excluding LUAS",52,Week 52,1632579
THA24C01,Passenger Journeys,2021,2021,40,"All public transport, excluding LUAS",53,Week 53,
THA24C01,Passenger Journeys,2022,2022,10,Dublin Metro Bus,1,Week 01,1406243
THA24C01,Passenger Journeys,2022,2022,10,Dublin Metro Bus,2,Week 02,1779235
THA24C01,Passenger Journeys,2022,2022,10,Dublin Metro Bus,3,Week 03,1966074
THA24C01,Passenger Journeys,2022,2022,10,Dublin Metro Bus,4,Week 04,2109953
THA24C01,Passenger Journeys,2022,2022,10,Dublin Metro Bus,5,Week 05,2180251
THA24C01,Passenger Journeys,2022,2022,10,Dublin Metro Bus,6,Week 06,2222594
THA24C01,Passenger Journeys,2022,2022,10,Dublin Metro Bus,7,Week 07,2145226
THA24C01,Passenger Journeys,2022,2022,10,Dublin Metro Bus,8,Week 08,2104859
THA24C01,Passenger Journeys,2022,2022,10,Dublin Metro Bus,9,Week 09,2393755
THA24C01,Passenger Journeys,2022,2022,10,Dublin Metro Bus,10,Week 10,2300757
THA24C01,Passenger Journeys,2022,2022,10,Dublin Metro Bus,11,Week 11,2121172
THA24C01,Passenger Journeys,2022,2022,10,Dublin Metro Bus,12,Week 12,2432024
THA24C01,Passenger Journeys,2022,2022,10,Dublin Metro Bus,13,Week 13,2371286
THA24C01,Passenger Journeys,2022,2022,10,Dublin Metro Bus,14,Week 14,2450481
THA24C01,Passenger Journeys,2022,2022,10,Dublin Metro Bus,15,Week 15,2266854
THA24C01,Passenger Journeys,2022,2022,10,Dublin Metro Bus,16,Week 16,2229079
THA24C01,Passenger Journeys,2022,2022,10,Dublin Metro Bus,17,Week 17,2471590
THA24C01,Passenger Journeys,2022,2022,10,Dublin Metro Bus,18,Week 18,2335362
THA24C01,Passenger Journeys,2022,2022,10,Dublin Metro Bus,19,Week 19,2267822
THA24C01,Passenger Journeys,2022,2022,10,Dublin Metro Bus,20,Week 20,2454491
THA24C01,Passenger Journeys,2022,2022,10,Dublin Metro Bus,21,Week 21,2449292
THA24C01,Passenger Journeys,2022,2022,10,Dublin Metro Bus,22,Week 22,2461534
THA24C01,Passenger Journeys,2022,2022,10,Dublin Metro Bus,23,Week 23,2417295
THA24C01,Passenger Journeys,2022,2022,10,Dublin Metro Bus,24,Week 24,2297192
THA24C01,Passenger Journeys,2022,2022,10,Dublin Metro Bus,25,Week 25,2458431
THA24C01,Passenger Journeys,2022,2022,10,Dublin Metro Bus,26,Week 26,2456029
THA24C01,Passenger Journeys,2022,2022,10,Dublin Metro Bus,27,Week 27,2455447
THA24C01,Passenger Journeys,2022,2022,10,Dublin Metro Bus,28,Week 28,2463379
THA24C01,Passenger Journeys,2022,2022,10,Dublin Metro Bus,29,Week 29,2437677
THA24C01,Passenger Journeys,2022,2022,10,Dublin Metro Bus,30,Week 30,2428637
THA24C01,Passenger Journeys,2022,2022,10,Dublin Metro Bus,31,Week 31,2391497
THA24C01,Passenger Journeys,2022,2022,10,Dublin Metro Bus,32,Week 32,2569142
THA24C01,Passenger Journeys,2022,2022,10,Dublin Metro Bus,33,Week 33,2555241
THA24C01,Passenger Journeys,2022,2022,10,Dublin Metro Bus,34,Week 34,2614443
THA24C01,Passenger Journeys,2022,2022,10,Dublin Metro Bus,35,Week 35,2694493
THA24C01,Passenger Journeys,2022,2022,10,Dublin Metro Bus,36,Week 36,2770458
THA24C01,Passenger Journeys,2022,2022,10,Dublin Metro Bus,37,Week 37,2991127
THA24C01,Passenger Journeys,2022,2022,10,Dublin Metro Bus,38,Week 38,3026029
THA24C01,Passenger Journeys,2022,2022,10,Dublin Metro Bus,39,Week 39,3092163
THA24C01,Passenger Journeys,2022,2022,10,Dublin Metro Bus,40,Week 40,3132650
THA24C01,Passenger Journeys,2022,2022,10,Dublin Metro Bus,41,Week 41,3130260
THA24C01,Passenger Journeys,2022,2022,10,Dublin Metro Bus,42,Week 42,3096053
THA24C01,Passenger Journeys,2022,2022,10,Dublin Metro Bus,43,Week 43,3157869
THA24C01,Passenger Journeys,2022,2022,10,Dublin Metro Bus,44,Week 44,2723592
THA24C01,Passenger Journeys,2022,2022,10,Dublin Metro Bus,45,Week 45,3157496
THA24C01,Passenger Journeys,2022,2022,10,Dublin Metro Bus,46,Week 46,3192643
THA24C01,Passenger Journeys,2022,2022,10,Dublin Metro Bus,47,Week 47,3114790
THA24C01,Passenger Journeys,2022,2022,10,Dublin Metro Bus,48,Week 48,3147713
THA24C01,Passenger Journeys,2022,2022,10,Dublin Metro Bus,49,Week 49,3073856
THA24C01,Passenger Journeys,2022,2022,10,Dublin Metro Bus,50,Week 50,3050335
THA24C01,Passenger Journeys,2022,2022,10,Dublin Metro Bus,51,Week 51,2741688
THA24C01,Passenger Journeys,2022,2022,10,Dublin Metro Bus,52,Week 52,2840848
THA24C01,Passenger Journeys,2022,2022,10,Dublin Metro Bus,53,Week 53,
THA24C01,Passenger Journeys,2022,2022,20,"Bus, excluding Dublin Metro",1,Week 01,365503
THA24C01,Passenger Journeys,2022,2022,20,"Bus, excluding Dublin Metro",2,Week 02,475432
THA24C01,Passenger Journeys,2022,2022,20,"Bus, excluding Dublin Metro",3,Week 03,519750
THA24C01,Passenger Journeys,2022,2022,20,"Bus, excluding Dublin Metro",4,Week 04,550396
THA24C01,Passenger Journeys,2022,2022,20,"Bus, excluding Dublin Metro",5,Week 05,562335
THA24C01,Passenger Journeys,2022,2022,20,"Bus, excluding Dublin Metro",6,Week 06,582446
THA24C01,Passenger Journeys,2022,2022,20,"Bus, excluding Dublin Metro",7,Week 07,527018
THA24C01,Passenger Journeys,2022,2022,20,"Bus, excluding Dublin Metro",8,Week 08,543279
THA24C01,Passenger Journeys,2022,2022,20,"Bus, excluding Dublin Metro",9,Week 09,612819
THA24C01,Passenger Journeys,2022,2022,20,"Bus, excluding Dublin Metro",10,Week 10,572414
THA24C01,Passenger Journeys,2022,2022,20,"Bus, excluding Dublin Metro",11,Week 11,540807
THA24C01,Passenger Journeys,2022,2022,20,"Bus, excluding Dublin Metro",12,Week 12,608648
THA24C01,Passenger Journeys,2022,2022,20,"Bus, excluding Dublin Metro",13,Week 13,591604
THA24C01,Passenger Journeys,2022,2022,20,"Bus, excluding Dublin Metro",14,Week 14,616574
THA24C01,Passenger Journeys,2022,2022,20,"Bus, excluding Dublin Metro",15,Week 15,556672
THA24C01,Passenger Journeys,2022,2022,20,"Bus, excluding Dublin Metro",16,Week 16,570284
THA24C01,Passenger Journeys,2022,2022,20,"Bus, excluding Dublin Metro",17,Week 17,666915
THA24C01,Passenger Journeys,2022,2022,20,"Bus, excluding Dublin Metro",18,Week 18,645649
THA24C01,Passenger Journeys,2022,2022,20,"Bus, excluding Dublin Metro",19,Week 19,681036
THA24C01,Passenger Journeys,2022,2022,20,"Bus, excluding Dublin Metro",20,Week 20,668361
THA24C01,Passenger Journeys,2022,2022,20,"Bus, excluding Dublin Metro",21,Week 21,671051
THA24C01,Passenger Journeys,2022,2022,20,"Bus, excluding Dublin Metro",22,Week 22,675775
THA24C01,Passenger Journeys,2022,2022,20,"Bus, excluding Dublin Metro",23,Week 23,628508
THA24C01,Passenger Journeys,2022,2022,20,"Bus, excluding Dublin Metro",24,Week 24,689753
THA24C01,Passenger Journeys,2022,2022,20,"Bus, excluding Dublin Metro",25,Week 25,672758
THA24C01,Passenger Journeys,2022,2022,20,"Bus, excluding Dublin Metro",26,Week 26,641014
THA24C01,Passenger Journeys,2022,2022,20,"Bus, excluding Dublin Metro",27,Week 27,688352
THA24C01,Passenger Journeys,2022,2022,20,"Bus, excluding Dublin Metro",28,Week 28,693305
THA24C01,Passenger Journeys,2022,2022,20,"Bus, excluding Dublin Metro",29,Week 29,668149
THA24C01,Passenger Journeys,2022,2022,20,"Bus, excluding Dublin Metro",30,Week 30,654034
THA24C01,Passenger Journeys,2022,2022,20,"Bus, excluding Dublin Metro",31,Week 31,599663
THA24C01,Passenger Journeys,2022,2022,20,"Bus, excluding Dublin Metro",32,Week 32,700075
THA24C01,Passenger Journeys,2022,2022,20,"Bus, excluding Dublin Metro",33,Week 33,687677
THA24C01,Passenger Journeys,2022,2022,20,"Bus, excluding Dublin Metro",34,Week 34,719994
THA24C01,Passenger Journeys,2022,2022,20,"Bus, excluding Dublin Metro",35,Week 35,703280
THA24C01,Passenger Journeys,2022,2022,20,"Bus, excluding Dublin Metro",36,Week 36,746245
THA24C01,Passenger Journeys,2022,2022,20,"Bus, excluding Dublin Metro",37,Week 37,823471
THA24C01,Passenger Journeys,2022,2022,20,"Bus, excluding Dublin Metro",38,Week 38,849445
THA24C01,Passenger Journeys,2022,2022,20,"Bus, excluding Dublin Metro",39,Week 39,885387
THA24C01,Passenger Journeys,2022,2022,20,"Bus, excluding Dublin Metro",40,Week 40,896210
THA24C01,Passenger Journeys,2022,2022,20,"Bus, excluding Dublin Metro",41,Week 41,885730
THA24C01,Passenger Journeys,2022,2022,20,"Bus, excluding Dublin Metro",42,Week 42,866776
THA24C01,Passenger Journeys,2022,2022,20,"Bus, excluding Dublin Metro",43,Week 43,891987
THA24C01,Passenger Journeys,2022,2022,20,"Bus, excluding Dublin Metro",44,Week 44,736242
THA24C01,Passenger Journeys,2022,2022,20,"Bus, excluding Dublin Metro",45,Week 45,864536
THA24C01,Passenger Journeys,2022,2022,20,"Bus, excluding Dublin Metro",46,Week 46,891579
THA24C01,Passenger Journeys,2022,2022,20,"Bus, excluding Dublin Metro",47,Week 47,871810
THA24C01,Passenger Journeys,2022,2022,20,"Bus, excluding Dublin Metro",48,Week 48,852232
THA24C01,Passenger Journeys,2022,2022,20,"Bus, excluding Dublin Metro",49,Week 49,840769
THA24C01,Passenger Journeys,2022,2022,20,"Bus, excluding Dublin Metro",50,Week 50,800708
THA24C01,Passenger Journeys,2022,2022,20,"Bus, excluding Dublin Metro",51,Week 51,662302
THA24C01,Passenger Journeys,2022,2022,20,"Bus, excluding Dublin Metro",52,Week 52,478378
THA24C01,Passenger Journeys,2022,2022,20,"Bus, excluding Dublin Metro",53,Week 53,
THA24C01,Passenger Journeys,2022,2022,30,Rail,1,Week 01,288051
THA24C01,Passenger Journeys,2022,2022,30,Rail,2,Week 02,357666
THA24C01,Passenger Journeys,2022,2022,30,Rail,3,Week 03,399947
THA24C01,Passenger Journeys,2022,2022,30,Rail,4,Week 04,453379
THA24C01,Passenger Journeys,2022,2022,30,Rail,5,Week 05,524640
THA24C01,Passenger Journeys,2022,2022,30,Rail,6,Week 06,477140
THA24C01,Passenger Journeys,2022,2022,30,Rail,7,Week 07,471325
THA24C01,Passenger Journeys,2022,2022,30,Rail,8,Week 08,533442
THA24C01,Passenger Journeys,2022,2022,30,Rail,9,Week 09,589825
THA24C01,Passenger Journeys,2022,2022,30,Rail,10,Week 10,507442
THA24C01,Passenger Journeys,2022,2022,30,Rail,11,Week 11,580364
THA24C01,Passenger Journeys,2022,2022,30,Rail,12,Week 12,598637
THA24C01,Passenger Journeys,2022,2022,30,Rail,13,Week 13,602411
THA24C01,Passenger Journeys,2022,2022,30,Rail,14,Week 14,581420
THA24C01,Passenger Journeys,2022,2022,30,Rail,15,Week 15,557169
THA24C01,Passenger Journeys,2022,2022,30,Rail,16,Week 16,590864
THA24C01,Passenger Journeys,2022,2022,30,Rail,17,Week 17,599078
THA24C01,Passenger Journeys,2022,2022,30,Rail,18,Week 18,633863
THA24C01,Passenger Journeys,2022,2022,30,Rail,19,Week 19,672546
THA24C01,Passenger Journeys,2022,2022,30,Rail,20,Week 20,650548
THA24C01,Passenger Journeys,2022,2022,30,Rail,21,Week 21,663418
THA24C01,Passenger Journeys,2022,2022,30,Rail,22,Week 22,700921
THA24C01,Passenger Journeys,2022,2022,30,Rail,23,Week 23,646250
THA24C01,Passenger Journeys,2022,2022,30,Rail,24,Week 24,718874
THA24C01,Passenger Journeys,2022,2022,30,Rail,25,Week 25,777823
THA24C01,Passenger Journeys,2022,2022,30,Rail,26,Week 26,723963
THA24C01,Passenger Journeys,2022,2022,30,Rail,27,Week 27,768799
THA24C01,Passenger Journeys,2022,2022,30,Rail,28,Week 28,788475
THA24C01,Passenger Journeys,2022,2022,30,Rail,29,Week 29,780426
THA24C01,Passenger Journeys,2022,2022,30,Rail,30,Week 30,694529
THA24C01,Passenger Journeys,2022,2022,30,Rail,31,Week 31,695776
THA24C01,Passenger Journeys,2022,2022,30,Rail,32,Week 32,776829
THA24C01,Passenger Journeys,2022,2022,30,Rail,33,Week 33,708368
THA24C01,Passenger Journeys,2022,2022,30,Rail,34,Week 34,753379
THA24C01,Passenger Journeys,2022,2022,30,Rail,35,Week 35,674115
THA24C01,Passenger Journeys,2022,2022,30,Rail,36,Week 36,735395
THA24C01,Passenger Journeys,2022,2022,30,Rail,37,Week 37,781714
THA24C01,Passenger Journeys,2022,2022,30,Rail,38,Week 38,777177
THA24C01,Passenger Journeys,2022,2022,30,Rail,39,Week 39,841960
THA24C01,Passenger Journeys,2022,2022,30,Rail,40,Week 40,841573
THA24C01,Passenger Journeys,2022,2022,30,Rail,41,Week 41,814269
THA24C01,Passenger Journeys,2022,2022,30,Rail,42,Week 42,824247
THA24C01,Passenger Journeys,2022,2022,30,Rail,43,Week 43,799752
THA24C01,Passenger Journeys,2022,2022,30,Rail,44,Week 44,767786
THA24C01,Passenger Journeys,2022,2022,30,Rail,45,Week 45,860900
THA24C01,Passenger Journeys,2022,2022,30,Rail,46,Week 46,863826
THA24C01,Passenger Journeys,2022,2022,30,Rail,47,Week 47,810472
THA24C01,Passenger Journeys,2022,2022,30,Rail,48,Week 48,810146
THA24C01,Passenger Journeys,2022,2022,30,Rail,49,Week 49,831900
THA24C01,Passenger Journeys,2022,2022,30,Rail,50,Week 50,805056
THA24C01,Passenger Journeys,2022,2022,30,Rail,51,Week 51,619257
THA24C01,Passenger Journeys,2022,2022,30,Rail,52,Week 52,410985
THA24C01,Passenger Journeys,2022,2022,30,Rail,53,Week 53,
THA24C01,Passenger Journeys,2022,2022,40,"All public transport, excluding LUAS",1,Week 01,2059797
THA24C01,Passenger Journeys,2022,2022,40,"All public transport, excluding LUAS",2,Week 02,2612333
THA24C01,Passenger Journeys,2022,2022,40,"All public transport, excluding LUAS",3,Week 03,2885771
THA24C01,Passenger Journeys,2022,2022,40,"All public transport, excluding LUAS",4,Week 04,3113728
THA24C01,Passenger Journeys,2022,2022,40,"All public transport, excluding LUAS",5,Week 05,3267226
THA24C01,Passenger Journeys,2022,2022,40,"All public transport, excluding LUAS",6,Week 06,3282180
THA24C01,Passenger Journeys,2022,2022,40,"All public transport, excluding LUAS",7,Week 07,3143569
THA24C01,Passenger Journeys,2022,2022,40,"All public transport, excluding LUAS",8,Week 08,3181580
THA24C01,Passenger Journeys,2022,2022,40,"All public transport, excluding LUAS",9,Week 09,3596399
THA24C01,Passenger Journeys,2022,2022,40,"All public transport, excluding LUAS",10,Week 10,3380613
THA24C01,Passenger Journeys,2022,2022,40,"All public transport, excluding LUAS",11,Week 11,3242343
THA24C01,Passenger Journeys,2022,2022,40,"All public transport, excluding LUAS",12,Week 12,3639309
THA24C01,Passenger Journeys,2022,2022,40,"All public transport, excluding LUAS",13,Week 13,3565301
THA24C01,Passenger Journeys,2022,2022,40,"All public transport, excluding LUAS",14,Week 14,3648475
THA24C01,Passenger Journeys,2022,2022,40,"All public transport, excluding LUAS",15,Week 15,3380695
THA24C01,Passenger Journeys,2022,2022,40,"All public transport, excluding LUAS",16,Week 16,3390227
THA24C01,Passenger Journeys,2022,2022,40,"All public transport, excluding LUAS",17,Week 17,3737583
THA24C01,Passenger Journeys,2022,2022,40,"All public transport, excluding LUAS",18,Week 18,3614874
THA24C01,Passenger Journeys,2022,2022,40,"All public transport, excluding LUAS",19,Week 19,3621404
THA24C01,Passenger Journeys,2022,2022,40,"All public transport, excluding LUAS",20,Week 20,3773400
THA24C01,Passenger Journeys,2022,2022,40,"All public transport, excluding LUAS",21,Week 21,3783761
THA24C01,Passenger Journeys,2022,2022,40,"All public transport, excluding LUAS",22,Week 22,3838230
THA24C01,Passenger Journeys,2022,2022,40,"All public transport, excluding LUAS",23,Week 23,3692053
THA24C01,Passenger Journeys,2022,2022,40,"All public transport, excluding LUAS",24,Week 24,3705819
THA24C01,Passenger Journeys,2022,2022,40,"All public transport, excluding LUAS",25,Week 25,3909012
THA24C01,Passenger Journeys,2022,2022,40,"All public transport, excluding LUAS",26,Week 26,3821006
THA24C01,Passenger Journeys,2022,2022,40,"All public transport, excluding LUAS",27,Week 27,3912598
THA24C01,Passenger Journeys,2022,2022,40,"All public transport, excluding LUAS",28,Week 28,3945159
THA24C01,Passenger Journeys,2022,2022,40,"All public transport, excluding LUAS",29,Week 29,3886252
THA24C01,Passenger Journeys,2022,2022,40,"All public transport, excluding LUAS",30,Week 30,3777200
THA24C01,Passenger Journeys,2022,2022,40,"All public transport, excluding LUAS",31,Week 31,3686936
THA24C01,Passenger Journeys,2022,2022,40,"All public transport, excluding LUAS",32,Week 32,4046046
THA24C01,Passenger Journeys,2022,2022,40,"All public transport, excluding LUAS",33,Week 33,3951286
THA24C01,Passenger Journeys,2022,2022,40,"All public transport, excluding LUAS",34,Week 34,4087816
THA24C01,Passenger Journeys,2022,2022,40,"All public transport, excluding LUAS",35,Week 35,4071888
THA24C01,Passenger Journeys,2022,2022,40,"All public transport, excluding LUAS",36,Week 36,4252098
THA24C01,Passenger Journeys,2022,2022,40,"All public transport, excluding LUAS",37,Week 37,4596312
THA24C01,Passenger Journeys,2022,2022,40,"All public transport, excluding LUAS",38,Week 38,4652651
THA24C01,Passenger Journeys,2022,2022,40,"All public transport, excluding LUAS",39,Week 39,4819510
THA24C01,Passenger Journeys,2022,2022,40,"All public transport, excluding LUAS",40,Week 40,4870433
THA24C01,Passenger Journeys,2022,2022,40,"All public transport, excluding LUAS",41,Week 41,4830259
THA24C01,Passenger Journeys,2022,2022,40,"All public transport, excluding LUAS",42,Week 42,4787076
THA24C01,Passenger Journeys,2022,2022,40,"All public transport, excluding LUAS",43,Week 43,4849608
THA24C01,Passenger Journeys,2022,2022,40,"All public transport, excluding LUAS",44,Week 44,4227620
THA24C01,Passenger Journeys,2022,2022,40,"All public transport, excluding LUAS",45,Week 45,4882932
THA24C01,Passenger Journeys,2022,2022,40,"All public transport, excluding LUAS",46,Week 46,4948048
THA24C01,Passenger Journeys,2022,2022,40,"All public transport, excluding LUAS",47,Week 47,4797072
THA24C01,Passenger Journeys,2022,2022,40,"All public transport, excluding LUAS",48,Week 48,4810091
THA24C01,Passenger Journeys,2022,2022,40,"All public transport, excluding LUAS",49,Week 49,4746525
THA24C01,Passenger Journeys,2022,2022,40,"All public transport, excluding LUAS",50,Week 50,4656099
THA24C01,Passenger Journeys,2022,2022,40,"All public transport, excluding LUAS",51,Week 51,4023247
THA24C01,Passenger Journeys,2022,2022,40,"All public transport, excluding LUAS",52,Week 52,3730211
THA24C01,Passenger Journeys,2022,2022,40,"All public transport, excluding LUAS",53,Week 53,
THA24C01,Passenger Journeys,2023,2023,10,Dublin Metro Bus,1,Week 01,2325239
THA24C01,Passenger Journeys,2023,2023,10,Dublin Metro Bus,2,Week 02,2791337
THA24C01,Passenger Journeys,2023,2023,10,Dublin Metro Bus,3,Week 03,2948010
THA24C01,Passenger Journeys,2023,2023,10,Dublin Metro Bus,4,Week 04,3166957
THA24C01,Passenger Journeys,2023,2023,10,Dublin Metro Bus,5,Week 05,3157789
THA24C01,Passenger Journeys,2023,2023,10,Dublin Metro Bus,6,Week 06,2957697
THA24C01,Passenger Journeys,2023,2023,10,Dublin Metro Bus,7,Week 07,3095444
THA24C01,Passenger Journeys,2023,2023,10,Dublin Metro Bus,8,Week 08,3232516
THA24C01,Passenger Journeys,2023,2023,10,Dublin Metro Bus,9,Week 09,
THA24C01,Passenger Journeys,2023,2023,10,Dublin Metro Bus,10,Week 10,
THA24C01,Passenger Journeys,2023,2023,10,Dublin Metro Bus,11,Week 11,
THA24C01,Passenger Journeys,2023,2023,10,Dublin Metro Bus,12,Week 12,
THA24C01,Passenger Journeys,2023,2023,10,Dublin Metro Bus,13,Week 13,
THA24C01,Passenger Journeys,2023,2023,10,Dublin Metro Bus,14,Week 14,
THA24C01,Passenger Journeys,2023,2023,10,Dublin Metro Bus,15,Week 15,
THA24C01,Passenger Journeys,2023,2023,10,Dublin Metro Bus,16,Week 16,
THA24C01,Passenger Journeys,2023,2023,10,Dublin Metro Bus,17,Week 17,
THA24C01,Passenger Journeys,2023,2023,10,Dublin Metro Bus,18,Week 18,
THA24C01,Passenger Journeys,2023,2023,10,Dublin Metro Bus,19,Week 19,
THA24C01,Passenger Journeys,2023,2023,10,Dublin Metro Bus,20,Week 20,
THA24C01,Passenger Journeys,2023,2023,10,Dublin Metro Bus,21,Week 21,
THA24C01,Passenger Journeys,2023,2023,10,Dublin Metro Bus,22,Week 22,
THA24C01,Passenger Journeys,2023,2023,10,Dublin Metro Bus,23,Week 23,
THA24C01,Passenger Journeys,2023,2023,10,Dublin Metro Bus,24,Week 24,
THA24C01,Passenger Journeys,2023,2023,10,Dublin Metro Bus,25,Week 25,
THA24C01,Passenger Journeys,2023,2023,10,Dublin Metro Bus,26,Week 26,
THA24C01,Passenger Journeys,2023,2023,10,Dublin Metro Bus,27,Week 27,
THA24C01,Passenger Journeys,2023,2023,10,Dublin Metro Bus,28,Week 28,
THA24C01,Passenger Journeys,2023,2023,10,Dublin Metro Bus,29,Week 29,
THA24C01,Passenger Journeys,2023,2023,10,Dublin Metro Bus,30,Week 30,
THA24C01,Passenger Journeys,2023,2023,10,Dublin Metro Bus,31,Week 31,
THA24C01,Passenger Journeys,2023,2023,10,Dublin Metro Bus,32,Week 32,
THA24C01,Passenger Journeys,2023,2023,10,Dublin Metro Bus,33,Week 33,
THA24C01,Passenger Journeys,2023,2023,10,Dublin Metro Bus,34,Week 34,
THA24C01,Passenger Journeys,2023,2023,10,Dublin Metro Bus,35,Week 35,
THA24C01,Passenger Journeys,2023,2023,10,Dublin Metro Bus,36,Week 36,
THA24C01,Passenger Journeys,2023,2023,10,Dublin Metro Bus,37,Week 37,
THA24C01,Passenger Journeys,2023,2023,10,Dublin Metro Bus,38,Week 38,
THA24C01,Passenger Journeys,2023,2023,10,Dublin Metro Bus,39,Week 39,
THA24C01,Passenger Journeys,2023,2023,10,Dublin Metro Bus,40,Week 40,
THA24C01,Passenger Journeys,2023,2023,10,Dublin Metro Bus,41,Week 41,
THA24C01,Passenger Journeys,2023,2023,10,Dublin Metro Bus,42,Week 42,
THA24C01,Passenger Journeys,2023,2023,10,Dublin Metro Bus,43,Week 43,
THA24C01,Passenger Journeys,2023,2023,10,Dublin Metro Bus,44,Week 44,
THA24C01,Passenger Journeys,2023,2023,10,Dublin Metro Bus,45,Week 45,
THA24C01,Passenger Journeys,2023,2023,10,Dublin Metro Bus,46,Week 46,
THA24C01,Passenger Journeys,2023,2023,10,Dublin Metro Bus,47,Week 47,
THA24C01,Passenger Journeys,2023,2023,10,Dublin Metro Bus,48,Week 48,
THA24C01,Passenger Journeys,2023,2023,10,Dublin Metro Bus,49,Week 49,
THA24C01,Passenger Journeys,2023,2023,10,Dublin Metro Bus,50,Week 50,
THA24C01,Passenger Journeys,2023,2023,10,Dublin Metro Bus,51,Week 51,
THA24C01,Passenger Journeys,2023,2023,10,Dublin Metro Bus,52,Week 52,
THA24C01,Passenger Journeys,2023,2023,10,Dublin Metro Bus,53,Week 53,
THA24C01,Passenger Journeys,2023,2023,20,"Bus, excluding Dublin Metro",1,Week 01,614352
THA24C01,Passenger Journeys,2023,2023,20,"Bus, excluding Dublin Metro",2,Week 02,742138
THA24C01,Passenger Journeys,2023,2023,20,"Bus, excluding Dublin Metro",3,Week 03,791800
THA24C01,Passenger Journeys,2023,2023,20,"Bus, excluding Dublin Metro",4,Week 04,858179
THA24C01,Passenger Journeys,2023,2023,20,"Bus, excluding Dublin Metro",5,Week 05,867139
THA24C01,Passenger Journeys,2023,2023,20,"Bus, excluding Dublin Metro",6,Week 06,803293
THA24C01,Passenger Journeys,2023,2023,20,"Bus, excluding Dublin Metro",7,Week 07,882482
THA24C01,Passenger Journeys,2023,2023,20,"Bus, excluding Dublin Metro",8,Week 08,885217
THA24C01,Passenger Journeys,2023,2023,20,"Bus, excluding Dublin Metro",9,Week 09,
THA24C01,Passenger Journeys,2023,2023,20,"Bus, excluding Dublin Metro",10,Week 10,
THA24C01,Passenger Journeys,2023,2023,20,"Bus, excluding Dublin Metro",11,Week 11,
THA24C01,Passenger Journeys,2023,2023,20,"Bus, excluding Dublin Metro",12,Week 12,
THA24C01,Passenger Journeys,2023,2023,20,"Bus, excluding Dublin Metro",13,Week 13,
THA24C01,Passenger Journeys,2023,2023,20,"Bus, excluding Dublin Metro",14,Week 14,
THA24C01,Passenger Journeys,2023,2023,20,"Bus, excluding Dublin Metro",15,Week 15,
THA24C01,Passenger Journeys,2023,2023,20,"Bus, excluding Dublin Metro",16,Week 16,
THA24C01,Passenger Journeys,2023,2023,20,"Bus, excluding Dublin Metro",17,Week 17,
THA24C01,Passenger Journeys,2023,2023,20,"Bus, excluding Dublin Metro",18,Week 18,
THA24C01,Passenger Journeys,2023,2023,20,"Bus, excluding Dublin Metro",19,Week 19,
THA24C01,Passenger Journeys,2023,2023,20,"Bus, excluding Dublin Metro",20,Week 20,
THA24C01,Passenger Journeys,2023,2023,20,"Bus, excluding Dublin Metro",21,Week 21,
THA24C01,Passenger Journeys,2023,2023,20,"Bus, excluding Dublin Metro",22,Week 22,
THA24C01,Passenger Journeys,2023,2023,20,"Bus, excluding Dublin Metro",23,Week 23,
THA24C01,Passenger Journeys,2023,2023,20,"Bus, excluding Dublin Metro",24,Week 24,
THA24C01,Passenger Journeys,2023,2023,20,"Bus, excluding Dublin Metro",25,Week 25,
THA24C01,Passenger Journeys,2023,2023,20,"Bus, excluding Dublin Metro",26,Week 26,
THA24C01,Passenger Journeys,2023,2023,20,"Bus, excluding Dublin Metro",27,Week 27,
THA24C01,Passenger Journeys,2023,2023,20,"Bus, excluding Dublin Metro",28,Week 28,
THA24C01,Passenger Journeys,2023,2023,20,"Bus, excluding Dublin Metro",29,Week 29,
THA24C01,Passenger Journeys,2023,2023,20,"Bus, excluding Dublin Metro",30,Week 30,
THA24C01,Passenger Journeys,2023,2023,20,"Bus, excluding Dublin Metro",31,Week 31,
THA24C01,Passenger Journeys,2023,2023,20,"Bus, excluding Dublin Metro",32,Week 32,
THA24C01,Passenger Journeys,2023,2023,20,"Bus, excluding Dublin Metro",33,Week 33,
THA24C01,Passenger Journeys,2023,2023,20,"Bus, excluding Dublin Metro",34,Week 34,
THA24C01,Passenger Journeys,2023,2023,20,"Bus, excluding Dublin Metro",35,Week 35,
THA24C01,Passenger Journeys,2023,2023,20,"Bus, excluding Dublin Metro",36,Week 36,
THA24C01,Passenger Journeys,2023,2023,20,"Bus, excluding Dublin Metro",37,Week 37,
THA24C01,Passenger Journeys,2023,2023,20,"Bus, excluding Dublin Metro",38,Week 38,
THA24C01,Passenger Journeys,2023,2023,20,"Bus, excluding Dublin Metro",39,Week 39,
THA24C01,Passenger Journeys,2023,2023,20,"Bus, excluding Dublin Metro",40,Week 40,
THA24C01,Passenger Journeys,2023,2023,20,"Bus, excluding Dublin Metro",41,Week 41,
THA24C01,Passenger Journeys,2023,2023,20,"Bus, excluding Dublin Metro",42,Week 42,
THA24C01,Passenger Journeys,2023,2023,20,"Bus, excluding Dublin Metro",43,Week 43,
THA24C01,Passenger Journeys,2023,2023,20,"Bus, excluding Dublin Metro",44,Week 44,
THA24C01,Passenger Journeys,2023,2023,20,"Bus, excluding Dublin Metro",45,Week 45,
THA24C01,Passenger Journeys,2023,2023,20,"Bus, excluding Dublin Metro",46,Week 46,
THA24C01,Passenger Journeys,2023,2023,20,"Bus, excluding Dublin Metro",47,Week 47,
THA24C01,Passenger Journeys,2023,2023,20,"Bus, excluding Dublin Metro",48,Week 48,
THA24C01,Passenger Journeys,2023,2023,20,"Bus, excluding Dublin Metro",49,Week 49,
THA24C01,Passenger Journeys,2023,2023,20,"Bus, excluding Dublin Metro",50,Week 50,
THA24C01,Passenger Journeys,2023,2023,20,"Bus, excluding Dublin Metro",51,Week 51,
THA24C01,Passenger Journeys,2023,2023,20,"Bus, excluding Dublin Metro",52,Week 52,
THA24C01,Passenger Journeys,2023,2023,20,"Bus, excluding Dublin Metro",53,Week 53,
THA24C01,Passenger Journeys,2023,2023,30,Rail,1,Week 01,593351
THA24C01,Passenger Journeys,2023,2023,30,Rail,2,Week 02,693509
THA24C01,Passenger Journeys,2023,2023,30,Rail,3,Week 03,737213
THA24C01,Passenger Journeys,2023,2023,30,Rail,4,Week 04,803814
THA24C01,Passenger Journeys,2023,2023,30,Rail,5,Week 05,843766
THA24C01,Passenger Journeys,2023,2023,30,Rail,6,Week 06,783829
THA24C01,Passenger Journeys,2023,2023,30,Rail,7,Week 07,825296
THA24C01,Passenger Journeys,2023,2023,30,Rail,8,Week 08,843175
THA24C01,Passenger Journeys,2023,2023,30,Rail,9,Week 09,
THA24C01,Passenger Journeys,2023,2023,30,Rail,10,Week 10,
THA24C01,Passenger Journeys,2023,2023,30,Rail,11,Week 11,
THA24C01,Passenger Journeys,2023,2023,30,Rail,12,Week 12,
THA24C01,Passenger Journeys,2023,2023,30,Rail,13,Week 13,
THA24C01,Passenger Journeys,2023,2023,30,Rail,14,Week 14,
THA24C01,Passenger Journeys,2023,2023,30,Rail,15,Week 15,
THA24C01,Passenger Journeys,2023,2023,30,Rail,16,Week 16,
THA24C01,Passenger Journeys,2023,2023,30,Rail,17,Week 17,
THA24C01,Passenger Journeys,2023,2023,30,Rail,18,Week 18,
THA24C01,Passenger Journeys,2023,2023,30,Rail,19,Week 19,
THA24C01,Passenger Journeys,2023,2023,30,Rail,20,Week 20,
THA24C01,Passenger Journeys,2023,2023,30,Rail,21,Week 21,
THA24C01,Passenger Journeys,2023,2023,30,Rail,22,Week 22,
THA24C01,Passenger Journeys,2023,2023,30,Rail,23,Week 23,
THA24C01,Passenger Journeys,2023,2023,30,Rail,24,Week 24,
THA24C01,Passenger Journeys,2023,2023,30,Rail,25,Week 25,
THA24C01,Passenger Journeys,2023,2023,30,Rail,26,Week 26,
THA24C01,Passenger Journeys,2023,2023,30,Rail,27,Week 27,
THA24C01,Passenger Journeys,2023,2023,30,Rail,28,Week 28,
THA24C01,Passenger Journeys,2023,2023,30,Rail,29,Week 29,
THA24C01,Passenger Journeys,2023,2023,30,Rail,30,Week 30,
THA24C01,Passenger Journeys,2023,2023,30,Rail,31,Week 31,
THA24C01,Passenger Journeys,2023,2023,30,Rail,32,Week 32,
THA24C01,Passenger Journeys,2023,2023,30,Rail,33,Week 33,
THA24C01,Passenger Journeys,2023,2023,30,Rail,34,Week 34,
THA24C01,Passenger Journeys,2023,2023,30,Rail,35,Week 35,
THA24C01,Passenger Journeys,2023,2023,30,Rail,36,Week 36,
THA24C01,Passenger Journeys,2023,2023,30,Rail,37,Week 37,
THA24C01,Passenger Journeys,2023,2023,30,Rail,38,Week 38,
THA24C01,Passenger Journeys,2023,2023,30,Rail,39,Week 39,
THA24C01,Passenger Journeys,2023,2023,30,Rail,40,Week 40,
THA24C01,Passenger Journeys,2023,2023,30,Rail,41,Week 41,
THA24C01,Passenger Journeys,2023,2023,30,Rail,42,Week 42,
THA24C01,Passenger Journeys,2023,2023,30,Rail,43,Week 43,
THA24C01,Passenger Journeys,2023,2023,30,Rail,44,Week 44,
THA24C01,Passenger Journeys,2023,2023,30,Rail,45,Week 45,
THA24C01,Passenger Journeys,2023,2023,30,Rail,46,Week 46,
THA24C01,Passenger Journeys,2023,2023,30,Rail,47,Week 47,
THA24C01,Passenger Journeys,2023,2023,30,Rail,48,Week 48,
THA24C01,Passenger Journeys,2023,2023,30,Rail,49,Week 49,
THA24C01,Passenger Journeys,2023,2023,30,Rail,50,Week 50,
THA24C01,Passenger Journeys,2023,2023,30,Rail,51,Week 51,
THA24C01,Passenger Journeys,2023,2023,30,Rail,52,Week 52,
THA24C01,Passenger Journeys,2023,2023,30,Rail,53,Week 53,
THA24C01,Passenger Journeys,2023,2023,40,"All public transport, excluding LUAS",1,Week 01,3532942
THA24C01,Passenger Journeys,2023,2023,40,"All public transport, excluding LUAS",2,Week 02,4226984
THA24C01,Passenger Journeys,2023,2023,40,"All public transport, excluding LUAS",3,Week 03,4477023
THA24C01,Passenger Journeys,2023,2023,40,"All public transport, excluding LUAS",4,Week 04,4828950
THA24C01,Passenger Journeys,2023,2023,40,"All public transport, excluding LUAS",5,Week 05,4868694
THA24C01,Passenger Journeys,2023,2023,40,"All public transport, excluding LUAS",6,Week 06,4544819
THA24C01,Passenger Journeys,2023,2023,40,"All public transport, excluding LUAS",7,Week 07,4803222
THA24C01,Passenger Journeys,2023,2023,40,"All public transport, excluding LUAS",8,Week 08,4960908
THA24C01,Passenger Journeys,2023,2023,40,"All public transport, excluding LUAS",9,Week 09,
THA24C01,Passenger Journeys,2023,2023,40,"All public transport, excluding LUAS",10,Week 10,
THA24C01,Passenger Journeys,2023,2023,40,"All public transport, excluding LUAS",11,Week 11,
THA24C01,Passenger Journeys,2023,2023,40,"All public transport, excluding LUAS",12,Week 12,
THA24C01,Passenger Journeys,2023,2023,40,"All public transport, excluding LUAS",13,Week 13,
THA24C01,Passenger Journeys,2023,2023,40,"All public transport, excluding LUAS",14,Week 14,
THA24C01,Passenger Journeys,2023,2023,40,"All public transport, excluding LUAS",15,Week 15,
THA24C01,Passenger Journeys,2023,2023,40,"All public transport, excluding LUAS",16,Week 16,
THA24C01,Passenger Journeys,2023,2023,40,"All public transport, excluding LUAS",17,Week 17,
THA24C01,Passenger Journeys,2023,2023,40,"All public transport, excluding LUAS",18,Week 18,
THA24C01,Passenger Journeys,2023,2023,40,"All public transport, excluding LUAS",19,Week 19,
THA24C01,Passenger Journeys,2023,2023,40,"All public transport, excluding LUAS",20,Week 20,
THA24C01,Passenger Journeys,2023,2023,40,"All public transport, excluding LUAS",21,Week 21,
THA24C01,Passenger Journeys,2023,2023,40,"All public transport, excluding LUAS",22,Week 22,
THA24C01,Passenger Journeys,2023,2023,40,"All public transport, excluding LUAS",23,Week 23,
THA24C01,Passenger Journeys,2023,2023,40,"All public transport, excluding LUAS",24,Week 24,
THA24C01,Passenger Journeys,2023,2023,40,"All public transport, excluding LUAS",25,Week 25,
THA24C01,Passenger Journeys,2023,2023,40,"All public transport, excluding LUAS",26,Week 26,
THA24C01,Passenger Journeys,2023,2023,40,"All public transport, excluding LUAS",27,Week 27,
THA24C01,Passenger Journeys,2023,2023,40,"All public transport, excluding LUAS",28,Week 28,
THA24C01,Passenger Journeys,2023,2023,40,"All public transport, excluding LUAS",29,Week 29,
THA24C01,Passenger Journeys,2023,2023,40,"All public transport, excluding LUAS",30,Week 30,
THA24C01,Passenger Journeys,2023,2023,40,"All public transport, excluding LUAS",31,Week 31,
THA24C01,Passenger Journeys,2023,2023,40,"All public transport, excluding LUAS",32,Week 32,
THA24C01,Passenger Journeys,2023,2023,40,"All public transport, excluding LUAS",33,Week 33,
THA24C01,Passenger Journeys,2023,2023,40,"All public transport, excluding LUAS",34,Week 34,
THA24C01,Passenger Journeys,2023,2023,40,"All public transport, excluding LUAS",35,Week 35,
THA24C01,Passenger Journeys,2023,2023,40,"All public transport, excluding LUAS",36,Week 36,
THA24C01,Passenger Journeys,2023,2023,40,"All public transport, excluding LUAS",37,Week 37,
THA24C01,Passenger Journeys,2023,2023,40,"All public transport, excluding LUAS",38,Week 38,
THA24C01,Passenger Journeys,2023,2023,40,"All public transport, excluding LUAS",39,Week 39,
THA24C01,Passenger Journeys,2023,2023,40,"All public transport, excluding LUAS",40,Week 40,
THA24C01,Passenger Journeys,2023,2023,40,"All public transport, excluding LUAS",41,Week 41,
THA24C01,Passenger Journeys,2023,2023,40,"All public transport, excluding LUAS",42,Week 42,
THA24C01,Passenger Journeys,2023,2023,40,"All public transport, excluding LUAS",43,Week 43,
THA24C01,Passenger Journeys,2023,2023,40,"All public transport, excluding LUAS",44,Week 44,
THA24C01,Passenger Journeys,2023,2023,40,"All public transport, excluding LUAS",45,Week 45,
THA24C01,Passenger Journeys,2023,2023,40,"All public transport, excluding LUAS",46,Week 46,
THA24C01,Passenger Journeys,2023,2023,40,"All public transport, excluding LUAS",47,Week 47,
THA24C01,Passenger Journeys,2023,2023,40,"All public transport, excluding LUAS",48,Week 48,
THA24C01,Passenger Journeys,2023,2023,40,"All public transport, excluding LUAS",49,Week 49,
THA24C01,Passenger Journeys,2023,2023,40,"All public transport, excluding LUAS",50,Week 50,
THA24C01,Passenger Journeys,2023,2023,40,"All public transport, excluding LUAS",51,Week 51,
THA24C01,Passenger Journeys,2023,2023,40,"All public transport, excluding LUAS",52,Week 52,
THA24C01,Passenger Journeys,2023,2023,40,"All public transport, excluding LUAS",53,Week 53,
